FREQ;GEO;UNIT;OBJECTIV\TIME_PERIOD,2000 ,2001 ,2002 ,2003 ,2004 ,2005 ,2006 ,2007 ,2008 ,2009 ,2010 ,2011 ,2012 ,2013 ,2014 ,2015 ,2016 ,2017 
A;AT;PC_GDP;OBJ01,0.047 ,0.055 ,0.035 ,0.045 ,0.031 ,0.036 ,0.047 ,0.005 ,0.018 ,0.062 ,0.038 ,0.036 ,0.039 ,0.026 ,0.022 ,0.01 ,0.007 ,0.007 
A;BE;PC_GDP;OBJ01,0 ,0.106 ,0.183 ,0.055 ,0.053 ,0.037 ,0.05 ,0.016 ,0.034 ,0.03 ,0.033 ,0.029 ,0.021 ,0.025 ,0.031 ,0.017 ,0.023 ,0.03 
A;BG;PC_GDP;OBJ01,0 ,0 ,0.09 ,0.131 ,0.091 ,0.067 ,0.083 ,0.05 ,0.014 ,0.043 ,0.015 ,0.033 ,0.038 ,0.062 ,0.323 ,0.427 ,0.155 ,0.267 
A;CY;PC_GDP;OBJ01,0.081 ,0.081 ,0.201 ,0.013 ,0.044 ,0.032 ,0.038 ,0.021 ,0.004 ,0.004 ,0.044 ,0.034 ,0.029 ,0.023 ,0.012 ,0.007 ,0.009 ,0 
A;CZ;PC_GDP;OBJ01,0.047 ,0.089 ,0.087 ,0.096 ,0.126 ,0.231 ,0.209 ,0.252 ,0.473 ,0.252 ,0.278 ,0.453 ,0.531 ,0.546 ,0.532 ,0.649 ,0.12 ,0.146 
A;DE;PC_GDP;OBJ01,0 ,0 ,0 ,0 ,0 ,0 ,0 ,0 ,0 ,0 ,0 ,0 ,0 ,0 ,0 ,0 ,0 ,0 
A;DK;PC_GDP;OBJ01,0 ,0 ,0 ,0 ,0 ,0 ,0 ,0 ,0 ,0 ,0 ,0 ,0 ,0 ,0 ,0 ,0 ,0 
A;EE;PC_GDP;OBJ01,0.029 ,0.036 ,0.059 ,0.014 ,0.027 ,0.022 ,0.015 ,0.013 ,0.005 ,0.008 ,0.014 ,0.048 ,0.099 ,0.091 ,0.186 ,0.153 ,0.016 ,0.038 
A;EL;PC_GDP;OBJ01,0.495 ,0.356 ,0.168 ,0.143 ,0.165 ,0.122 ,0.133 ,0.204 ,0.423 ,0.554 ,0.675 ,1.024 ,0.807 ,1.305 ,0.767 ,1.09 ,0.129 ,0.128 
A;ES;PC_GDP;OBJ01,0.122 ,0.126 ,0.139 ,0.133 ,0.114 ,0.121 ,0.124 ,0.126 ,0.156 ,0.108 ,0.099 ,0.071 ,0.057 ,0.087 ,0.083 ,0.03 ,0.02 ,0.017 
A;EU28;PC_GDP;OBJ01,0.097 ,0.085 ,0.098 ,0.086 ,0.078 ,0.079 ,0.085 ,0.076 ,0.101 ,0.13 ,0.111 ,0.1 ,0.092 ,0.096 ,0.105 ,0.077 ,0.057 ,0.065 
A;FI;PC_GDP;OBJ01,0.048 ,0.039 ,0.036 ,0.032 ,0.033 ,0.046 ,0.042 ,0.025 ,0.026 ,0.021 ,0.023 ,0.026 ,0.024 ,0.024 ,0.034 ,0.031 ,0.033 ,0.029 
A;FR;PC_GDP;OBJ01,0.069 ,0.04 ,0.061 ,0.051 ,0.052 ,0.085 ,0.101 ,0.133 ,0.158 ,0.219 ,0.212 ,0.168 ,0.145 ,0.136 ,0.139 ,0.135 ,0.136 ,0.124 
A;HR;PC_GDP;OBJ01,0 ,0 ,0 ,0 ,0 ,0 ,0 ,0 ,0 ,0 ,0 ,0 ,0 ,0.071 ,0.234 ,0.04 ,0.214 ,0.408 
A;HU;PC_GDP;OBJ01,0.204 ,0.24 ,0.26 ,0.279 ,0.225 ,0.296 ,0.28 ,0.201 ,0.297 ,0.363 ,0.288 ,0.238 ,0.275 ,0.314 ,0.795 ,0.385 ,0.67 ,0.712 
A;IE;PC_GDP;OBJ01,0.121 ,0.098 ,0.099 ,0.063 ,0.097 ,0.168 ,0.162 ,0.146 ,0.173 ,0.173 ,0.181 ,0.125 ,0.114 ,0.269 ,0.057 ,0.038 ,0.02 ,0.016 
A;IT;PC_GDP;OBJ01,0.106 ,0.076 ,0.163 ,0.108 ,0.08 ,0.069 ,0.079 ,0.046 ,0.053 ,0.062 ,0.067 ,0.055 ,0.054 ,0.033 ,0.049 ,0.031 ,0.027 ,0.03 
A;LT;PC_GDP;OBJ01,0 ,0 ,0.016 ,0.054 ,0.066 ,0.071 ,0.057 ,0.021 ,0.011 ,0.136 ,0.206 ,0.285 ,0.26 ,0.221 ,0.086 ,0.345 ,0.047 ,0.101 
A;LU;PC_GDP;OBJ01,0.08 ,0.057 ,0.141 ,0.105 ,0.048 ,0.04 ,0.021 ,0.023 ,0.014 ,0.022 ,0.004 ,0.013 ,0.003 ,0.056 ,0.012 ,0 ,0 ,0 
A;LV;PC_GDP;OBJ01,0.027 ,0.141 ,0.082 ,0.064 ,0.135 ,0.13 ,0.099 ,0.107 ,0.086 ,0.043 ,0.082 ,0.077 ,0.109 ,0.109 ,0.671 ,0.423 ,0.21 ,0.076 
A;MT;PC_GDP;OBJ01,0 ,0 ,0 ,0 ,0 ,0 ,0.003 ,0.036 ,0.016 ,0.272 ,0.24 ,0.285 ,0.228 ,0.259 ,0.269 ,0.11 ,0.133 ,0.294 
A;NL;PC_GDP;OBJ01,0.029 ,0.01 ,0.029 ,0.015 ,0.007 ,0.006 ,0.004 ,0.01 ,0.003 ,0.002 ,0.002 ,0.002 ,0.002 ,0.001 ,0.001 ,0.001 ,0 ,0 
A;PL;PC_GDP;OBJ01,0.348 ,0.072 ,0.06 ,0.102 ,0.096 ,0.077 ,0.147 ,0.095 ,0.137 ,0.172 ,0.204 ,0.142 ,0.175 ,0.202 ,0.454 ,0.167 ,0.299 ,0.414 
A;PT;PC_GDP;OBJ01,0.076 ,0.075 ,0.024 ,0.032 ,0.042 ,0.026 ,0.025 ,0.065 ,0.073 ,0.074 ,0.106 ,0.067 ,0.179 ,0.171 ,0.324 ,0.364 ,0.263 ,0.299 
A;RO;PC_GDP;OBJ01,0 ,0 ,0.358 ,0.212 ,0.158 ,0.053 ,0.065 ,0.026 ,0.037 ,0.037 ,0.075 ,0.105 ,0.068 ,0.11 ,0.231 ,0.252 ,0.115 ,0.036 
A;SE;PC_GDP;OBJ01,0.1 ,0.083 ,0.076 ,0.087 ,0.143 ,0.187 ,0.217 ,0.258 ,0.283 ,0.134 ,0.199 ,0.139 ,0.127 ,0.118 ,0.135 ,0.239 ,0.108 ,0.11 
A;SI;PC_GDP;OBJ01,0.021 ,0.049 ,0.045 ,0.056 ,0.042 ,0.141 ,0.145 ,0.107 ,0.21 ,0.381 ,0.233 ,0.363 ,0.32 ,0.146 ,0.178 ,0.073 ,0.054 ,0.048 
A;SK;PC_GDP;OBJ01,0.342 ,0.193 ,0.187 ,0.359 ,0.364 ,0.343 ,0.333 ,0.211 ,0.27 ,0.167 ,0.166 ,0.16 ,0.094 ,0.098 ,0.14 ,0.272 ,0.214 ,0.076 
A;UK;PC_GDP;OBJ01,0.046 ,0.031 ,0.033 ,0.046 ,0.061 ,0.038 ,0.027 ,0.027 ,0.02 ,0.016 ,0.026 ,0.017 ,0.014 ,0.016 ,0.034 ,0.035 ,0.015 ,0.014 
A;AT;PC_GDP;OBJ02,0 ,0 ,0 ,0 ,0 ,0 ,0 ,0 ,0 ,0 ,0 ,0 ,0 ,0 ,0 ,0 ,0 ,0 
A;BE;PC_GDP;OBJ02,0 ,0 ,0 ,0 ,0 ,0 ,0 ,0 ,0 ,0 ,0 ,0 ,0 ,0 ,0 ,0 ,0 ,0 
A;BG;PC_GDP;OBJ02,0 ,0 ,0 ,0 ,0 ,0 ,0 ,0 ,0 ,0 ,0 ,0 ,0 ,0 ,0 ,0 ,0 ,0 
A;CY;PC_GDP;OBJ02,0 ,0 ,0 ,0 ,0 ,0 ,0 ,0 ,0 ,0 ,0 ,0 ,0 ,0 ,0 ,0 ,0 ,0 
A;CZ;PC_GDP;OBJ02,0 ,0 ,0 ,0 ,0 ,0 ,0 ,0 ,0 ,0 ,0 ,0 ,0 ,0 ,0 ,0 ,0 ,0 
A;DE;PC_GDP;OBJ02,0 ,0 ,0 ,0 ,0 ,0 ,0 ,0 ,0 ,0 ,0 ,0 ,0 ,0 ,0 ,0 ,0 ,0 
A;DK;PC_GDP;OBJ02,0 ,0 ,0 ,0 ,0 ,0 ,0 ,0 ,0 ,0 ,0 ,0 ,0 ,0 ,0 ,0 ,0 ,0 
A;EE;PC_GDP;OBJ02,0 ,0 ,0 ,0 ,0 ,0 ,0 ,0 ,0 ,0 ,0 ,0 ,0 ,0 ,0 ,0 ,0 ,0 
A;EL;PC_GDP;OBJ02,0 ,0 ,0 ,0 ,0 ,0 ,0 ,0 ,0 ,0 ,0 ,0 ,0 ,0 ,0 ,0 ,0 ,0 
A;ES;PC_GDP;OBJ02,0 ,0 ,0 ,0 ,0 ,0 ,0 ,0 ,0 ,0 ,0 ,0 ,0 ,0 ,0 ,0 ,0 ,0 
A;EU28;PC_GDP;OBJ02,0 ,0 ,0 ,0 ,0 ,0 ,0 ,0 ,0 ,0 ,0 ,0 ,0 ,0 ,0 ,0 ,0 ,0 
A;FI;PC_GDP;OBJ02,0 ,0 ,0 ,0 ,0 ,0 ,0 ,0 ,0 ,0 ,0 ,0 ,0 ,0 ,0 ,0 ,0 ,0 
A;FR;PC_GDP;OBJ02,0 ,0 ,0 ,0 ,0 ,0 ,0 ,0 ,0 ,0 ,0 ,0 ,0 ,0 ,0 ,0 ,0 ,0 
A;HR;PC_GDP;OBJ02,0 ,0 ,0 ,0 ,0 ,0 ,0 ,0 ,0 ,0 ,0 ,0 ,0 ,0 ,0 ,0 ,0 ,0 
A;HU;PC_GDP;OBJ02,0 ,0 ,0 ,0 ,0 ,0 ,0 ,0 ,0 ,0 ,0 ,0 ,0 ,0 ,0 ,0 ,0 ,0 
A;IE;PC_GDP;OBJ02,0 ,0 ,0 ,0 ,0 ,0 ,0 ,0 ,0 ,0 ,0 ,0 ,0 ,0 ,0 ,0 ,0 ,0 
A;IT;PC_GDP;OBJ02,0 ,0 ,0 ,0 ,0 ,0 ,0 ,0 ,0 ,0 ,0 ,0 ,0 ,0 ,0 ,0 ,0 ,0 
A;LT;PC_GDP;OBJ02,0 ,0 ,0 ,0 ,0 ,0 ,0 ,0 ,0 ,0 ,0 ,0 ,0 ,0 ,0 ,0 ,0 ,0 
A;LU;PC_GDP;OBJ02,0 ,0 ,0 ,0 ,0 ,0 ,0 ,0 ,0 ,0 ,0 ,0 ,0 ,0 ,0 ,0 ,0 ,0 
A;LV;PC_GDP;OBJ02,0 ,0 ,0 ,0 ,0 ,0 ,0 ,0 ,0 ,0 ,0 ,0 ,0 ,0 ,0 ,0 ,0 ,0 
A;MT;PC_GDP;OBJ02,0 ,0 ,0 ,0 ,0 ,0 ,0 ,0 ,0 ,0 ,0 ,0 ,0 ,0 ,0 ,0 ,0 ,0 
A;NL;PC_GDP;OBJ02,0 ,0 ,0 ,0 ,0 ,0 ,0 ,0 ,0 ,0 ,0 ,0 ,0 ,0 ,0 ,0 ,0 ,0 
A;PL;PC_GDP;OBJ02,0 ,0 ,0 ,0 ,0 ,0 ,0 ,0 ,0 ,0 ,0 ,0 ,0 ,0 ,0 ,0 ,0 ,0 
A;PT;PC_GDP;OBJ02,0 ,0 ,0 ,0 ,0 ,0 ,0 ,0 ,0 ,0 ,0 ,0 ,0 ,0 ,0 ,0 ,0 ,0 
A;RO;PC_GDP;OBJ02,0 ,0 ,0 ,0 ,0 ,0 ,0 ,0 ,0 ,0 ,0 ,0 ,0 ,0 ,0 ,0 ,0 ,0 
A;SE;PC_GDP;OBJ02,0 ,0 ,0 ,0 ,0 ,0 ,0 ,0 ,0 ,0 ,0 ,0 ,0 ,0 ,0 ,0 ,0 ,0 
A;SI;PC_GDP;OBJ02,0 ,0 ,0 ,0 ,0 ,0 ,0 ,0 ,0 ,0 ,0 ,0 ,0 ,0 ,0 ,0 ,0 ,0 
A;SK;PC_GDP;OBJ02,0 ,0 ,0 ,0 ,0 ,0 ,0 ,0 ,0 ,0 ,0 ,0 ,0 ,0 ,0 ,0 ,0 ,0 
A;UK;PC_GDP;OBJ02,0 ,0 ,0 ,0 ,0 ,0 ,0 ,0 ,0 ,0 ,0 ,0 ,0 ,0 ,0 ,0 ,0 ,0 
A;AT;PC_GDP;OBJ03,0.039 ,0.043 ,0.056 ,0.147 ,0.198 ,0.175 ,0.155 ,0.174 ,0.238 ,0.303 ,0.34 ,0.304 ,0.358 ,0.346 ,0.228 ,0.39 ,0.389 ,0.362 
A;BE;PC_GDP;OBJ03,0.002 ,0.012 ,0.001 ,0.002 ,0.006 ,0.021 ,0.054 ,0.064 ,0.038 ,0.083 ,0.121 ,0.087 ,0.077 ,0.113 ,0.031 ,0.013 ,0.018 ,0.021 
A;BG;PC_GDP;OBJ03,0 ,0 ,0.021 ,0.005 ,0.004 ,0.001 ,0 ,0 ,0 ,0 ,0.003 ,0.005 ,0.735 ,0.733 ,0.721 ,0.709 ,0.817 ,1.027 
A;CY;PC_GDP;OBJ03,0.016 ,0.009 ,0.019 ,0.024 ,0.012 ,0.008 ,0.002 ,0.008 ,0.028 ,0.024 ,0 ,0.026 ,0.019 ,0.272 ,0.274 ,0.387 ,0.388 ,0.281 
A;CZ;PC_GDP;OBJ03,0.059 ,0.035 ,0.032 ,0.093 ,0.045 ,0.008 ,0.017 ,0.003 ,0.005 ,0.007 ,0.028 ,0.039 ,0.048 ,0.178 ,0.186 ,0.217 ,0.896 ,0.912 
A;DE;PC_GDP;OBJ03,0 ,0 ,0 ,0 ,0 ,0 ,0 ,0 ,0 ,0 ,0 ,0 ,0 ,0 ,0 ,0 ,0 ,0 
A;DK;PC_GDP;OBJ03,0 ,0 ,0 ,0 ,0 ,0 ,0 ,0 ,0 ,0 ,0 ,0 ,0 ,0 ,0 ,0 ,0 ,0 
A;EE;PC_GDP;OBJ03,0.029 ,0.036 ,0 ,0.001 ,0.001 ,0.008 ,0.003 ,0.001 ,0.014 ,0.006 ,0.037 ,0.021 ,0.04 ,0.304 ,0.477 ,0.688 ,0.656 ,0.689 
A;EL;PC_GDP;OBJ03,0.001 ,0 ,0 ,0.007 ,0.008 ,0.008 ,0.01 ,0.002 ,0.009 ,0.015 ,0 ,0.001 ,0.003 ,0.031 ,0.008 ,0.016 ,0.007 ,0.011 
A;ES;PC_GDP;OBJ03,0.006 ,0.008 ,0.007 ,0.006 ,0.011 ,0.018 ,0.017 ,0.018 ,0.046 ,0.076 ,0.07 ,0.077 ,0.091 ,0.005 ,0.015 ,0.005 ,0.035 ,0.01 
A;EU28;PC_GDP;OBJ03,0.058 ,0.068 ,0.076 ,0.092 ,0.108 ,0.113 ,0.118 ,0.095 ,0.1 ,0.116 ,0.11 ,0.099 ,0.11 ,0.117 ,0.302 ,0.316 ,0.383 ,0.4 
A;FI;PC_GDP;OBJ03,0.052 ,0.051 ,0.061 ,0.145 ,0.146 ,0.13 ,0.135 ,0.13 ,0.139 ,0.186 ,0.172 ,0.522 ,0.313 ,0.357 ,0.455 ,0.49 ,0.549 ,0.586 
A;FR;PC_GDP;OBJ03,0.019 ,0.014 ,0.022 ,0.01 ,0.008 ,0.008 ,0.008 ,0.008 ,0.008 ,0.029 ,0.026 ,0.028 ,0.035 ,0.037 ,0.044 ,0.1 ,0.157 ,0.197 
A;HR;PC_GDP;OBJ03,0 ,0 ,0 ,0 ,0 ,0 ,0 ,0 ,0 ,0 ,0 ,0 ,0 ,0.007 ,0.033 ,0.33 ,0.441 ,0.095 
A;HU;PC_GDP;OBJ03,0.034 ,0.018 ,0.079 ,0.006 ,0.002 ,0.009 ,0.014 ,0.003 ,0.083 ,0.041 ,0.014 ,0.013 ,0.04 ,0.043 ,0.038 ,0.058 ,0.028 ,0.196 
A;IE;PC_GDP;OBJ03,0.003 ,0.001 ,0.001 ,0.005 ,0.004 ,0.006 ,0.002 ,0.006 ,0.021 ,0.03 ,0.049 ,0.036 ,0.034 ,0.037 ,0.052 ,0.045 ,0.067 ,0.109 
A;IT;PC_GDP;OBJ03,0.003 ,0.002 ,0.001 ,0.011 ,0.003 ,0.005 ,0.008 ,0.005 ,0.005 ,0.006 ,0.005 ,0.003 ,0.004 ,0.004 ,0.008 ,0.004 ,0.003 ,0.052 
A;LT;PC_GDP;OBJ03,0 ,0 ,0 ,0 ,0 ,0.012 ,0.041 ,0.063 ,0.066 ,0.118 ,0.01 ,0.023 ,0.023 ,0.011 ,0.032 ,0.291 ,0.275 ,0.328 
A;LU;PC_GDP;OBJ03,0.003 ,0.003 ,0.001 ,0 ,0 ,0.012 ,0.009 ,0.002 ,0.021 ,0.021 ,0.031 ,0.072 ,0.027 ,0.012 ,0.167 ,0.241 ,0.242 ,0.163 
A;LV;PC_GDP;OBJ03,0.004 ,0 ,0 ,0 ,0 ,0 ,0.012 ,0.026 ,0.04 ,0.056 ,0.312 ,0.18 ,0.056 ,0.045 ,0.065 ,0.154 ,0.16 ,0.146 
A;MT;PC_GDP;OBJ03,0 ,0 ,0 ,0 ,0 ,0 ,0 ,0 ,0 ,0 ,0 ,0 ,0 ,0 ,0 ,0 ,0.001 ,0.006 
A;NL;PC_GDP;OBJ03,0.037 ,0.068 ,0.095 ,0.099 ,0.109 ,0.14 ,0.162 ,0.128 ,0.153 ,0.172 ,0.167 ,0.173 ,0.17 ,0.156 ,0.152 ,0.155 ,0.16 ,0.156 
A;PL;PC_GDP;OBJ03,0.045 ,0.011 ,0.018 ,0.04 ,0.005 ,0.003 ,0.005 ,0.001 ,0.07 ,0.094 ,0.103 ,0.04 ,0.002 ,0.001 ,0.23 ,0.226 ,0.245 ,0.301 
A;PT;PC_GDP;OBJ03,0.003 ,0 ,0.001 ,0.001 ,0 ,0 ,0 ,0.001 ,0 ,0.002 ,0.001 ,0.001 ,0.006 ,0 ,0 ,0 ,0 ,0 
A;RO;PC_GDP;OBJ03,0 ,0 ,0.016 ,0.016 ,0.015 ,0.01 ,0.009 ,0.009 ,0.01 ,0 ,0 ,0.175 ,0.346 ,0.435 ,0.411 ,0.445 ,0.474 ,0.408 
A;SE;PC_GDP;OBJ03,0.294 ,0.26 ,0.25 ,1.262 ,3.035 ,3.508 ,3.741 ,3.765 ,3.569 ,2.996 ,3.507 ,3.809 ,4.038 ,4.268 ,3.989 ,3.982 ,4.73 ,4.873 
A;SI;PC_GDP;OBJ03,0.06 ,0.118 ,0.108 ,0.147 ,0.094 ,0.051 ,0.015 ,0.054 ,0.069 ,0.077 ,0.131 ,0.187 ,0.248 ,0.36 ,0.418 ,0.437 ,0.437 ,0.422 
A;SK;PC_GDP;OBJ03,0.029 ,0 ,0 ,0 ,0 ,0 ,0.013 ,0.046 ,0.072 ,0.114 ,0.129 ,0.032 ,0.017 ,0.042 ,0.034 ,0.038 ,0.031 ,0.077 
A;UK;PC_GDP;OBJ03,0.006 ,0.034 ,0.045 ,0.05 ,0.059 ,0.059 ,0.056 ,0.056 ,0.063 ,0.089 ,0.057 ,0.054 ,0.074 ,0.094 ,0.12 ,0.102 ,0.158 ,0.161 
A;AT;PC_GDP;OBJ04,0 ,0 ,0 ,0 ,0 ,0 ,0 ,0 ,0 ,0 ,0 ,0 ,0 ,0 ,0 ,0 ,0 ,0 
A;BE;PC_GDP;OBJ04,0 ,0 ,0 ,0 ,0 ,0 ,0 ,0 ,0 ,0 ,0 ,0 ,0 ,0 ,0 ,0 ,0 ,0 
A;BG;PC_GDP;OBJ04,0 ,0 ,0 ,0 ,0 ,0 ,0 ,0 ,0 ,0 ,0 ,0 ,0 ,0 ,0 ,0 ,0 ,0 
A;CY;PC_GDP;OBJ04,0 ,0 ,0 ,0 ,0 ,0 ,0 ,0 ,0 ,0 ,0 ,0 ,0 ,0 ,0 ,0 ,0 ,0 
A;CZ;PC_GDP;OBJ04,0 ,0 ,0 ,0 ,0 ,0 ,0 ,0 ,0 ,0 ,0 ,0 ,0 ,0 ,0 ,0 ,0 ,0 
A;DE;PC_GDP;OBJ04,0 ,0 ,0 ,0 ,0 ,0 ,0 ,0 ,0 ,0 ,0 ,0 ,0 ,0 ,0 ,0 ,0 ,0 
A;DK;PC_GDP;OBJ04,0 ,0 ,0 ,0 ,0 ,0 ,0 ,0 ,0 ,0 ,0 ,0 ,0 ,0 ,0 ,0 ,0 ,0 
A;EE;PC_GDP;OBJ04,0 ,0 ,0 ,0 ,0 ,0 ,0 ,0 ,0 ,0 ,0 ,0 ,0 ,0 ,0 ,0 ,0 ,0 
A;EL;PC_GDP;OBJ04,0 ,0 ,0 ,0 ,0 ,0 ,0 ,0 ,0 ,0 ,0 ,0 ,0 ,0 ,0 ,0 ,0 ,0 
A;ES;PC_GDP;OBJ04,0 ,0 ,0 ,0 ,0 ,0 ,0 ,0 ,0 ,0 ,0 ,0 ,0 ,0 ,0 ,0 ,0 ,0 
A;EU28;PC_GDP;OBJ04,0 ,0 ,0 ,0 ,0 ,0 ,0 ,0 ,0 ,0 ,0 ,0 ,0 ,0 ,0 ,0 ,0 ,0 
A;FI;PC_GDP;OBJ04,0 ,0 ,0 ,0 ,0 ,0 ,0 ,0 ,0 ,0 ,0 ,0 ,0 ,0 ,0 ,0 ,0 ,0 
A;FR;PC_GDP;OBJ04,0 ,0 ,0 ,0 ,0 ,0 ,0 ,0 ,0 ,0 ,0 ,0 ,0 ,0 ,0 ,0 ,0 ,0 
A;HR;PC_GDP;OBJ04,0 ,0 ,0 ,0 ,0 ,0 ,0 ,0 ,0 ,0 ,0 ,0 ,0 ,0 ,0 ,0 ,0 ,0 
A;HU;PC_GDP;OBJ04,0 ,0 ,0 ,0 ,0 ,0 ,0 ,0 ,0 ,0 ,0 ,0 ,0 ,0 ,0 ,0 ,0 ,0 
A;IE;PC_GDP;OBJ04,0 ,0 ,0 ,0 ,0 ,0 ,0 ,0 ,0 ,0 ,0 ,0 ,0 ,0 ,0 ,0 ,0 ,0 
A;IT;PC_GDP;OBJ04,0 ,0 ,0 ,0 ,0 ,0 ,0 ,0 ,0 ,0 ,0 ,0 ,0 ,0 ,0 ,0 ,0 ,0 
A;LT;PC_GDP;OBJ04,0 ,0 ,0 ,0 ,0 ,0 ,0 ,0 ,0 ,0 ,0 ,0 ,0 ,0 ,0 ,0 ,0 ,0 
A;LU;PC_GDP;OBJ04,0 ,0 ,0 ,0 ,0 ,0 ,0 ,0 ,0 ,0 ,0 ,0 ,0 ,0 ,0 ,0 ,0 ,0 
A;LV;PC_GDP;OBJ04,0 ,0 ,0 ,0 ,0 ,0 ,0 ,0 ,0 ,0 ,0 ,0 ,0 ,0 ,0 ,0 ,0 ,0 
A;MT;PC_GDP;OBJ04,0 ,0 ,0 ,0 ,0 ,0 ,0 ,0 ,0 ,0 ,0 ,0 ,0 ,0 ,0 ,0 ,0 ,0 
A;NL;PC_GDP;OBJ04,0 ,0 ,0 ,0 ,0 ,0 ,0 ,0 ,0 ,0 ,0 ,0 ,0 ,0 ,0 ,0 ,0 ,0 
A;PL;PC_GDP;OBJ04,0 ,0 ,0 ,0 ,0 ,0 ,0 ,0 ,0 ,0 ,0 ,0 ,0 ,0 ,0 ,0 ,0 ,0 
A;PT;PC_GDP;OBJ04,0 ,0 ,0 ,0 ,0 ,0 ,0 ,0 ,0 ,0 ,0 ,0 ,0 ,0 ,0 ,0 ,0 ,0 
A;RO;PC_GDP;OBJ04,0 ,0 ,0 ,0 ,0 ,0 ,0 ,0 ,0 ,0 ,0 ,0 ,0 ,0 ,0 ,0 ,0 ,0 
A;SE;PC_GDP;OBJ04,0 ,0 ,0 ,0 ,0 ,0 ,0 ,0 ,0 ,0 ,0 ,0 ,0 ,0 ,0 ,0 ,0 ,0 
A;SI;PC_GDP;OBJ04,0 ,0 ,0 ,0 ,0 ,0 ,0 ,0 ,0 ,0 ,0 ,0 ,0 ,0 ,0 ,0 ,0 ,0 
A;SK;PC_GDP;OBJ04,0 ,0 ,0 ,0 ,0 ,0 ,0 ,0 ,0 ,0 ,0 ,0 ,0 ,0 ,0 ,0 ,0 ,0 
A;UK;PC_GDP;OBJ04,0 ,0 ,0 ,0 ,0 ,0 ,0 ,0 ,0 ,0 ,0 ,0 ,0 ,0 ,0 ,0 ,0 ,0 
A;AT;PC_GDP;OBJ05,0.008 ,0.013 ,0.008 ,0.01 ,0.011 ,0.008 ,0.005 ,0.012 ,0.002 ,0.001 ,0 ,0 ,0 ,0 ,0.001 ,0.001 ,0 ,0 
A;BE;PC_GDP;OBJ05,0.059 ,0.056 ,0.027 ,0.013 ,0.011 ,0.014 ,0.013 ,0.013 ,0.014 ,0.032 ,0.035 ,0.033 ,0.035 ,0.038 ,0.036 ,0.033 ,0.031 ,0.027 
A;BG;PC_GDP;OBJ05,0 ,0 ,0.122 ,0.03 ,0.05 ,0.011 ,0.002 ,0 ,0 ,0 ,0.009 ,0 ,0.019 ,0.023 ,0.004 ,0 ,0 ,0.001 
A;CY;PC_GDP;OBJ05,0 ,0 ,0 ,0 ,0 ,0 ,0 ,0.006 ,0.005 ,0.001 ,0.001 ,0.002 ,0.002 ,0.001 ,0 ,0 ,0 ,0 
A;CZ;PC_GDP;OBJ05,0.009 ,0.014 ,0.016 ,0.007 ,0.002 ,0.001 ,0.029 ,0.014 ,0.001 ,0.002 ,0.001 ,0 ,0 ,0 ,0 ,0 ,0 ,0 
A;DE;PC_GDP;OBJ05,0 ,0 ,0 ,0 ,0 ,0 ,0 ,0 ,0 ,0 ,0 ,0 ,0 ,0 ,0 ,0 ,0 ,0 
A;DK;PC_GDP;OBJ05,0 ,0 ,0 ,0 ,0 ,0 ,0 ,0 ,0 ,0 ,0 ,0 ,0 ,0 ,0 ,0 ,0 ,0 
A;EE;PC_GDP;OBJ05,0 ,0 ,0 ,0 ,0 ,0.001 ,0.002 ,0.002 ,0.001 ,0.001 ,0.001 ,0 ,0 ,0.017 ,0.01 ,0 ,0 ,0 
A;EL;PC_GDP;OBJ05,0 ,0 ,0 ,0.004 ,0.01 ,0.028 ,0.008 ,0.001 ,0 ,0 ,0 ,0 ,0 ,0 ,0.002 ,0.011 ,0.001 ,0.005 
A;ES;PC_GDP;OBJ05,0.024 ,0.012 ,0.008 ,0.007 ,0.005 ,0.005 ,0.004 ,0.004 ,0.003 ,0.004 ,0.005 ,0.004 ,0.004 ,0.005 ,0.004 ,0.006 ,0.004 ,0.005 
A;EU28;PC_GDP;OBJ05,0.025 ,0.02 ,0.012 ,0.018 ,0.018 ,0.027 ,0.029 ,0.021 ,0.025 ,0.021 ,0.022 ,0.021 ,0.021 ,0.021 ,0.019 ,0.017 ,0.015 ,0.016 
A;FI;PC_GDP;OBJ05,0.023 ,0.02 ,0.018 ,0.02 ,0.022 ,0.025 ,0.024 ,0.026 ,0.026 ,0.024 ,0.024 ,0.035 ,0.039 ,0.04 ,0.034 ,0.025 ,0.02 ,0.024 
A;FR;PC_GDP;OBJ05,0.003 ,0.003 ,0.002 ,0.004 ,0.017 ,0.067 ,0.077 ,0.033 ,0.007 ,0.001 ,0.001 ,0 ,0 ,0 ,0.001 ,0 ,0 ,0 
A;HR;PC_GDP;OBJ05,0 ,0 ,0 ,0 ,0 ,0 ,0 ,0 ,0 ,0 ,0 ,0 ,0 ,0 ,0.008 ,0.009 ,0.008 ,0.008 
A;HU;PC_GDP;OBJ05,0.026 ,0.044 ,0.043 ,0.076 ,0.046 ,0.034 ,0.083 ,0.113 ,0.563 ,0.215 ,0.18 ,0.166 ,0.168 ,0.128 ,0.035 ,0.102 ,0.104 ,0.105 
A;IE;PC_GDP;OBJ05,0.023 ,0.051 ,0.037 ,0.047 ,0.03 ,0.03 ,0.019 ,0.015 ,0.016 ,0.008 ,0.009 ,0.007 ,0.009 ,0.005 ,0 ,0 ,0 ,0 
A;IT;PC_GDP;OBJ05,0.025 ,0.019 ,0.005 ,0.031 ,0.03 ,0.03 ,0.017 ,0.014 ,0.02 ,0.015 ,0.01 ,0.005 ,0.006 ,0.01 ,0.018 ,0.017 ,0.01 ,0.021 
A;LT;PC_GDP;OBJ05,0 ,0 ,0 ,0 ,0 ,0.007 ,0.012 ,0.014 ,0.018 ,0.022 ,0.025 ,0.029 ,0.032 ,0.036 ,0.043 ,0.048 ,0.033 ,0.069 
A;LU;PC_GDP;OBJ05,0 ,0 ,0 ,0 ,0 ,0 ,0 ,0 ,0 ,0 ,0 ,0 ,0 ,0 ,0 ,0 ,0 ,0 
A;LV;PC_GDP;OBJ05,0 ,0 ,0 ,0 ,0 ,0 ,0 ,0 ,0.001 ,0.004 ,0.005 ,0.009 ,0.003 ,0.005 ,0.009 ,0 ,0 ,0 
A;MT;PC_GDP;OBJ05,0 ,0 ,0 ,0 ,0 ,0 ,0 ,0.004 ,0 ,0 ,0 ,0.091 ,0.092 ,0 ,0.051 ,0.006 ,0.031 ,0.025 
A;NL;PC_GDP;OBJ05,0 ,0 ,0 ,0 ,0.001 ,0 ,0.01 ,0.007 ,0.007 ,0 ,0 ,0 ,0 ,0 ,0 ,0 ,0 ,0 
A;PL;PC_GDP;OBJ05,0.243 ,0.035 ,0.025 ,0.266 ,0.122 ,0.124 ,0.153 ,0.154 ,0.204 ,0.198 ,0.199 ,0.176 ,0.185 ,0.198 ,0.178 ,0.164 ,0.163 ,0.165 
A;PT;PC_GDP;OBJ05,0.076 ,0.08 ,0.027 ,0.019 ,0.005 ,0.024 ,0.026 ,0.023 ,0.031 ,0.03 ,0.041 ,0.055 ,0.026 ,0.026 ,0.015 ,0.008 ,0.007 ,0 
A;RO;PC_GDP;OBJ05,0 ,0 ,0.005 ,0.014 ,0 ,0 ,0 ,0.001 ,0 ,0 ,0 ,0 ,0 ,0 ,0 ,0 ,0 ,0 
A;SE;PC_GDP;OBJ05,0.188 ,0.149 ,0.168 ,0 ,0 ,0.007 ,0.007 ,0.005 ,0.003 ,0.002 ,0.002 ,0.002 ,0.001 ,0 ,0.002 ,0.014 ,0.015 ,0.01 
A;SI;PC_GDP;OBJ05,0.293 ,0.095 ,0.077 ,0.069 ,0.083 ,0.053 ,0.052 ,0.021 ,0.005 ,0.034 ,0.048 ,0.036 ,0.221 ,0.268 ,0.292 ,0.23 ,0.222 ,0.228 
A;SK;PC_GDP;OBJ05,0 ,0 ,0 ,0 ,0 ,0.003 ,0.003 ,0.007 ,0.001 ,0 ,0 ,0 ,0 ,0.002 ,0.002 ,0.001 ,0.001 ,0.001 
A;UK;PC_GDP;OBJ05,0.03 ,0.032 ,0.003 ,0 ,0 ,0.001 ,0.001 ,0.001 ,0 ,0.001 ,0.001 ,0 ,0 ,0.001 ,0.003 ,0.001 ,0 ,0.001 
A;AT;PC_GDP;OBJ06,0 ,0 ,0.021 ,0.016 ,0.002 ,0.014 ,0.014 ,0.002 ,0.006 ,0.009 ,0.01 ,0.009 ,0.009 ,0.008 ,0.008 ,0.001 ,0.004 ,0.003 
A;BE;PC_GDP;OBJ06,0.017 ,0.008 ,0.015 ,0.006 ,0.02 ,0.017 ,0.008 ,0.009 ,0.014 ,0.017 ,0.012 ,0.013 ,0.01 ,0.012 ,0.008 ,0.008 ,0.012 ,0.011 
A;BG;PC_GDP;OBJ06,0 ,0 ,0 ,0 ,0 ,0 ,0 ,0.002 ,0 ,0 ,0.002 ,0 ,0 ,0 ,0 ,0 ,0 ,0 
A;CY;PC_GDP;OBJ06,0.052 ,0.045 ,0.046 ,0.044 ,0.044 ,0.052 ,0.05 ,0.046 ,0.041 ,0.041 ,0.056 ,0.089 ,0.099 ,0.075 ,0.048 ,0.039 ,0.002 ,0.002 
A;CZ;PC_GDP;OBJ06,0.003 ,0.002 ,0.019 ,0.003 ,0.001 ,0.002 ,0.045 ,0.013 ,0.004 ,0.007 ,0.008 ,0.004 ,0.004 ,0.001 ,0.002 ,0 ,0 ,0.001 
A;DE;PC_GDP;OBJ06,0 ,0 ,0 ,0 ,0 ,0 ,0 ,0 ,0 ,0 ,0 ,0 ,0 ,0 ,0 ,0 ,0 ,0 
A;DK;PC_GDP;OBJ06,0 ,0 ,0 ,0 ,0 ,0 ,0 ,0 ,0 ,0 ,0 ,0 ,0 ,0 ,0 ,0 ,0 ,0 
A;EE;PC_GDP;OBJ06,0 ,0 ,0 ,0 ,0 ,0.002 ,0.006 ,0.006 ,0.005 ,0.001 ,0 ,0 ,0 ,0 ,0 ,0.005 ,0 ,0 
A;EL;PC_GDP;OBJ06,0 ,0 ,0 ,0 ,0 ,0 ,0 ,0 ,0 ,0 ,0 ,0 ,0 ,0 ,0 ,0 ,0 ,0 
A;ES;PC_GDP;OBJ06,0.045 ,0.039 ,0.035 ,0.017 ,0.004 ,0.005 ,0.008 ,0.005 ,0.006 ,0.011 ,0.005 ,0.004 ,0.001 ,0.001 ,0 ,0.001 ,0.001 ,0.001 
A;EU28;PC_GDP;OBJ06,0.006 ,0.008 ,0.008 ,0.007 ,0.008 ,0.006 ,0.007 ,0.005 ,0.007 ,0.008 ,0.007 ,0.007 ,0.008 ,0.006 ,0.005 ,0.005 ,0.003 ,0.003 
A;FI;PC_GDP;OBJ06,0 ,0 ,0 ,0 ,0 ,0 ,0 ,0.006 ,0.005 ,0.009 ,0.014 ,0.015 ,0.004 ,0.004 ,0.003 ,0.002 ,0.001 ,0.001 
A;FR;PC_GDP;OBJ06,0.003 ,0.003 ,0.002 ,0.002 ,0.002 ,0.002 ,0.002 ,0.004 ,0.001 ,0.005 ,0.004 ,0.005 ,0.003 ,0.004 ,0.004 ,0.004 ,0.002 ,0.001 
A;HR;PC_GDP;OBJ06,0 ,0 ,0 ,0 ,0 ,0 ,0 ,0 ,0 ,0 ,0 ,0 ,0 ,0 ,0 ,0.06 ,0.048 ,0.048 
A;HU;PC_GDP;OBJ06,0 ,0.001 ,0.001 ,0.024 ,0.008 ,0.005 ,0.012 ,0.026 ,0.052 ,0.032 ,0.029 ,0.03 ,0.01 ,0.002 ,0.011 ,0.006 ,0.005 ,0.007 
A;IE;PC_GDP;OBJ06,0.01 ,0.013 ,0.011 ,0.007 ,0.01 ,0.01 ,0.016 ,0.016 ,0.026 ,0.023 ,0.023 ,0.018 ,0.016 ,0.014 ,0.015 ,0.012 ,0.011 ,0.013 
A;IT;PC_GDP;OBJ06,0 ,0.009 ,0.009 ,0.016 ,0.026 ,0.012 ,0.017 ,0.008 ,0.023 ,0.018 ,0.013 ,0.013 ,0.033 ,0.016 ,0.006 ,0.014 ,0.011 ,0.008 
A;LT;PC_GDP;OBJ06,0 ,0 ,0 ,0 ,0 ,0 ,0.013 ,0.049 ,0.051 ,0.003 ,0 ,0 ,0.006 ,0.004 ,0.003 ,0.002 ,0.002 ,0.009 
A;LU;PC_GDP;OBJ06,0 ,0 ,0 ,0 ,0 ,0 ,0 ,0 ,0 ,0 ,0 ,0 ,0 ,0 ,0 ,0 ,0 ,0 
A;LV;PC_GDP;OBJ06,0 ,0 ,0 ,0 ,0 ,0 ,0.001 ,0.009 ,0.004 ,0 ,0 ,0 ,0 ,0 ,0.034 ,0.024 ,0.007 ,0.012 
A;MT;PC_GDP;OBJ06,0.017 ,0.022 ,0.015 ,0.01 ,0.019 ,0.032 ,0.052 ,0.024 ,0.008 ,0.015 ,0.029 ,0.048 ,0.043 ,0.013 ,0 ,0.014 ,0 ,0.005 
A;NL;PC_GDP;OBJ06,0 ,0 ,0 ,0 ,0 ,0 ,0 ,0 ,0 ,0 ,0 ,0 ,0 ,0.001 ,0 ,0 ,0.001 ,0.011 
A;PL;PC_GDP;OBJ06,0 ,0.057 ,0.042 ,0.011 ,0.003 ,0.009 ,0.02 ,0.019 ,0.006 ,0.03 ,0.015 ,0.027 ,0.019 ,0.019 ,0.005 ,0 ,0 ,0 
A;PT;PC_GDP;OBJ06,0.082 ,0.088 ,0.023 ,0.029 ,0.064 ,0.022 ,0.011 ,0.008 ,0.006 ,0.005 ,0.004 ,0.003 ,0.007 ,0.002 ,0.002 ,0 ,0.001 ,0.001 
A;RO;PC_GDP;OBJ06,0 ,0 ,0 ,0 ,0 ,0 ,0 ,0 ,0.001 ,0 ,0 ,0 ,0 ,0 ,0 ,0 ,0 ,0 
A;SE;PC_GDP;OBJ06,0.021 ,0.019 ,0.005 ,0.004 ,0 ,0 ,0 ,0 ,0 ,0.005 ,0.03 ,0.034 ,0.039 ,0.029 ,0.018 ,0.002 ,0.007 ,0.003 
A;SI;PC_GDP;OBJ06,0.01 ,0.014 ,0.012 ,0.01 ,0.013 ,0.005 ,0.006 ,0.01 ,0.002 ,0.001 ,0.002 ,0 ,0.012 ,0.008 ,0.005 ,0.002 ,0 ,0.002 
A;SK;PC_GDP;OBJ06,0 ,0 ,0 ,0 ,0.011 ,0.011 ,0.019 ,0.007 ,0.004 ,0.014 ,0.026 ,0.003 ,0.005 ,0.002 ,0.001 ,0.007 ,0.006 ,0.004 
A;UK;PC_GDP;OBJ06,0 ,0.001 ,0.003 ,0.008 ,0.011 ,0.006 ,0.007 ,0.003 ,0.003 ,0.003 ,0.004 ,0.003 ,0.002 ,0.004 ,0.006 ,0.006 ,0.002 ,0.002 
A;AT;PC_GDP;OBJ07,0 ,0 ,0 ,0 ,0 ,0 ,0 ,0 ,0 ,0 ,0 ,0 ,0 ,0 ,0 ,0 ,0 ,0 
A;BE;PC_GDP;OBJ07,0 ,0 ,0 ,0 ,0 ,0 ,0 ,0 ,0 ,0 ,0 ,0 ,0 ,0 ,0 ,0 ,0 ,0 
A;BG;PC_GDP;OBJ07,0 ,0 ,0 ,0 ,0 ,0 ,0 ,0 ,0 ,0 ,0 ,0 ,0 ,0 ,0 ,0 ,0 ,0 
A;CY;PC_GDP;OBJ07,0 ,0 ,0 ,0 ,0 ,0 ,0 ,0 ,0 ,0 ,0 ,0 ,0 ,0 ,0 ,0 ,0 ,0 
A;CZ;PC_GDP;OBJ07,0 ,0 ,0 ,0 ,0 ,0 ,0 ,0 ,0 ,0 ,0 ,0 ,0 ,0 ,0 ,0 ,0 ,0 
A;DE;PC_GDP;OBJ07,0 ,0 ,0 ,0 ,0 ,0 ,0 ,0 ,0 ,0 ,0 ,0 ,0 ,0 ,0 ,0 ,0 ,0 
A;DK;PC_GDP;OBJ07,0 ,0 ,0 ,0 ,0 ,0 ,0 ,0 ,0 ,0 ,0 ,0 ,0 ,0 ,0 ,0 ,0 ,0 
A;EE;PC_GDP;OBJ07,0 ,0 ,0 ,0 ,0 ,0 ,0 ,0 ,0 ,0 ,0 ,0 ,0 ,0 ,0 ,0 ,0 ,0 
A;EL;PC_GDP;OBJ07,0 ,0 ,0 ,0 ,0 ,0 ,0 ,0 ,0 ,0 ,0 ,0 ,0 ,0 ,0 ,0 ,0 ,0 
A;ES;PC_GDP;OBJ07,0 ,0 ,0 ,0 ,0 ,0 ,0 ,0 ,0 ,0 ,0 ,0 ,0 ,0 ,0 ,0 ,0 ,0 
A;EU28;PC_GDP;OBJ07,0 ,0 ,0 ,0 ,0 ,0 ,0 ,0 ,0 ,0 ,0 ,0 ,0 ,0 ,0 ,0 ,0 ,0 
A;FI;PC_GDP;OBJ07,0 ,0 ,0 ,0 ,0 ,0 ,0 ,0 ,0 ,0 ,0 ,0 ,0 ,0 ,0 ,0 ,0 ,0 
A;FR;PC_GDP;OBJ07,0 ,0 ,0 ,0 ,0 ,0 ,0 ,0 ,0 ,0 ,0 ,0 ,0 ,0 ,0 ,0 ,0 ,0 
A;HR;PC_GDP;OBJ07,0 ,0 ,0 ,0 ,0 ,0 ,0 ,0 ,0 ,0 ,0 ,0 ,0 ,0 ,0 ,0 ,0 ,0 
A;HU;PC_GDP;OBJ07,0 ,0 ,0 ,0 ,0 ,0 ,0 ,0 ,0 ,0 ,0 ,0 ,0 ,0 ,0 ,0 ,0 ,0 
A;IE;PC_GDP;OBJ07,0 ,0 ,0 ,0 ,0 ,0 ,0 ,0 ,0 ,0 ,0 ,0 ,0 ,0 ,0 ,0 ,0 ,0 
A;IT;PC_GDP;OBJ07,0 ,0 ,0 ,0 ,0 ,0 ,0 ,0 ,0 ,0 ,0 ,0 ,0 ,0 ,0 ,0 ,0 ,0 
A;LT;PC_GDP;OBJ07,0 ,0 ,0 ,0 ,0 ,0 ,0 ,0 ,0 ,0 ,0 ,0 ,0 ,0 ,0 ,0 ,0 ,0 
A;LU;PC_GDP;OBJ07,0 ,0 ,0 ,0 ,0 ,0 ,0 ,0 ,0 ,0 ,0 ,0 ,0 ,0 ,0 ,0 ,0 ,0 
A;LV;PC_GDP;OBJ07,0 ,0 ,0 ,0 ,0 ,0 ,0 ,0 ,0 ,0 ,0 ,0 ,0 ,0 ,0 ,0 ,0 ,0 
A;MT;PC_GDP;OBJ07,0 ,0 ,0 ,0 ,0 ,0 ,0 ,0 ,0 ,0 ,0 ,0 ,0 ,0 ,0 ,0 ,0 ,0 
A;NL;PC_GDP;OBJ07,0 ,0 ,0 ,0 ,0 ,0 ,0 ,0 ,0 ,0 ,0 ,0 ,0 ,0 ,0 ,0 ,0 ,0 
A;PL;PC_GDP;OBJ07,0 ,0 ,0 ,0 ,0 ,0 ,0 ,0 ,0 ,0 ,0 ,0 ,0 ,0 ,0 ,0 ,0 ,0 
A;PT;PC_GDP;OBJ07,0 ,0 ,0 ,0 ,0 ,0 ,0 ,0 ,0 ,0 ,0 ,0 ,0 ,0 ,0 ,0 ,0 ,0 
A;RO;PC_GDP;OBJ07,0 ,0 ,0 ,0 ,0 ,0 ,0 ,0 ,0 ,0 ,0 ,0 ,0 ,0 ,0 ,0 ,0 ,0 
A;SE;PC_GDP;OBJ07,0 ,0 ,0 ,0 ,0 ,0 ,0 ,0 ,0 ,0 ,0 ,0 ,0 ,0 ,0 ,0 ,0 ,0 
A;SI;PC_GDP;OBJ07,0 ,0 ,0 ,0 ,0 ,0 ,0 ,0 ,0 ,0 ,0 ,0 ,0 ,0 ,0 ,0 ,0 ,0 
A;SK;PC_GDP;OBJ07,0 ,0 ,0 ,0 ,0 ,0 ,0 ,0 ,0 ,0 ,0 ,0 ,0 ,0 ,0 ,0 ,0 ,0 
A;UK;PC_GDP;OBJ07,0 ,0 ,0 ,0 ,0 ,0 ,0 ,0 ,0 ,0 ,0 ,0 ,0 ,0 ,0 ,0 ,0 ,0 
A;AT;PC_GDP;OBJ08,0 ,0 ,0 ,0 ,0 ,0 ,0 ,0 ,0 ,0 ,0 ,0 ,0 ,0 ,0 ,0 ,0 ,0 
A;BE;PC_GDP;OBJ08,0 ,0 ,0 ,0 ,0 ,0 ,0 ,0 ,0 ,0 ,0 ,0 ,0 ,0 ,0 ,0 ,0 ,0 
A;BG;PC_GDP;OBJ08,0 ,0 ,0 ,0 ,0 ,0 ,0 ,0 ,0 ,0 ,0 ,0 ,0 ,0 ,0 ,0 ,0 ,0 
A;CY;PC_GDP;OBJ08,0 ,0 ,0 ,0 ,0 ,0 ,0 ,0 ,0 ,0 ,0 ,0 ,0 ,0 ,0 ,0 ,0 ,0 
A;CZ;PC_GDP;OBJ08,0 ,0 ,0 ,0 ,0 ,0 ,0 ,0 ,0 ,0 ,0 ,0 ,0 ,0 ,0 ,0 ,0 ,0 
A;DE;PC_GDP;OBJ08,0 ,0 ,0 ,0 ,0 ,0 ,0 ,0 ,0 ,0 ,0 ,0 ,0 ,0 ,0 ,0 ,0 ,0 
A;DK;PC_GDP;OBJ08,0 ,0 ,0 ,0 ,0 ,0 ,0 ,0 ,0 ,0 ,0 ,0 ,0 ,0 ,0 ,0 ,0 ,0 
A;EE;PC_GDP;OBJ08,0 ,0 ,0 ,0 ,0 ,0 ,0 ,0 ,0 ,0 ,0 ,0 ,0 ,0 ,0 ,0 ,0 ,0 
A;EL;PC_GDP;OBJ08,0 ,0 ,0 ,0 ,0 ,0 ,0 ,0 ,0 ,0 ,0 ,0 ,0 ,0 ,0 ,0 ,0 ,0 
A;ES;PC_GDP;OBJ08,0 ,0 ,0 ,0 ,0 ,0 ,0 ,0 ,0 ,0 ,0 ,0 ,0 ,0 ,0 ,0 ,0 ,0 
A;EU28;PC_GDP;OBJ08,0 ,0 ,0 ,0 ,0 ,0 ,0 ,0 ,0 ,0 ,0 ,0 ,0 ,0 ,0 ,0 ,0 ,0 
A;FI;PC_GDP;OBJ08,0 ,0 ,0 ,0 ,0 ,0 ,0 ,0 ,0 ,0 ,0 ,0 ,0 ,0 ,0 ,0 ,0 ,0 
A;FR;PC_GDP;OBJ08,0 ,0 ,0 ,0 ,0 ,0 ,0 ,0 ,0 ,0 ,0 ,0 ,0 ,0 ,0 ,0 ,0 ,0 
A;HR;PC_GDP;OBJ08,0 ,0 ,0 ,0 ,0 ,0 ,0 ,0 ,0 ,0 ,0 ,0 ,0 ,0 ,0 ,0 ,0 ,0 
A;HU;PC_GDP;OBJ08,0 ,0 ,0 ,0 ,0 ,0 ,0 ,0 ,0 ,0 ,0 ,0 ,0 ,0 ,0 ,0 ,0 ,0 
A;IE;PC_GDP;OBJ08,0 ,0 ,0 ,0 ,0 ,0 ,0 ,0 ,0 ,0 ,0 ,0 ,0 ,0 ,0 ,0 ,0 ,0 
A;IT;PC_GDP;OBJ08,0 ,0 ,0 ,0 ,0 ,0 ,0 ,0 ,0 ,0 ,0 ,0 ,0 ,0 ,0 ,0 ,0 ,0 
A;LT;PC_GDP;OBJ08,0 ,0 ,0 ,0 ,0 ,0 ,0 ,0 ,0 ,0 ,0 ,0 ,0 ,0 ,0 ,0 ,0 ,0 
A;LU;PC_GDP;OBJ08,0 ,0 ,0 ,0 ,0 ,0 ,0 ,0 ,0 ,0 ,0 ,0 ,0 ,0 ,0 ,0 ,0 ,0 
A;LV;PC_GDP;OBJ08,0 ,0 ,0 ,0 ,0 ,0 ,0 ,0 ,0 ,0 ,0 ,0 ,0 ,0 ,0 ,0 ,0 ,0 
A;MT;PC_GDP;OBJ08,0 ,0 ,0 ,0 ,0 ,0 ,0 ,0 ,0 ,0 ,0 ,0 ,0 ,0 ,0 ,0 ,0 ,0 
A;NL;PC_GDP;OBJ08,0 ,0 ,0 ,0 ,0 ,0 ,0 ,0 ,0 ,0 ,0 ,0 ,0 ,0 ,0 ,0 ,0 ,0 
A;PL;PC_GDP;OBJ08,0 ,0 ,0 ,0 ,0 ,0 ,0 ,0 ,0 ,0 ,0 ,0 ,0 ,0 ,0 ,0 ,0 ,0 
A;PT;PC_GDP;OBJ08,0 ,0 ,0 ,0 ,0 ,0 ,0 ,0 ,0 ,0 ,0 ,0 ,0 ,0 ,0 ,0 ,0 ,0 
A;RO;PC_GDP;OBJ08,0 ,0 ,0 ,0 ,0 ,0 ,0 ,0 ,0 ,0 ,0 ,0 ,0 ,0 ,0 ,0 ,0 ,0 
A;SE;PC_GDP;OBJ08,0 ,0 ,0 ,0 ,0 ,0 ,0 ,0 ,0 ,0 ,0 ,0 ,0 ,0 ,0 ,0 ,0 ,0 
A;SI;PC_GDP;OBJ08,0 ,0 ,0 ,0 ,0 ,0 ,0 ,0 ,0 ,0 ,0 ,0 ,0 ,0 ,0 ,0 ,0 ,0 
A;SK;PC_GDP;OBJ08,0 ,0 ,0 ,0 ,0 ,0 ,0 ,0 ,0 ,0 ,0 ,0 ,0 ,0 ,0 ,0 ,0 ,0 
A;UK;PC_GDP;OBJ08,0 ,0 ,0 ,0 ,0 ,0 ,0 ,0 ,0 ,0 ,0 ,0 ,0 ,0 ,0 ,0 ,0 ,0 
A;AT;PC_GDP;OBJ09,0 ,0 ,0 ,0 ,0.003 ,0.003 ,0.003 ,0.002 ,0.005 ,0.005 ,0.007 ,0.009 ,0.011 ,0.017 ,0.017 ,0.02 ,0.018 ,0.019 
A;BE;PC_GDP;OBJ09,0.01 ,0.006 ,0.007 ,0.01 ,0.007 ,0.006 ,0.008 ,0.017 ,0.015 ,0.021 ,0.021 ,0.014 ,0.029 ,0.04 ,0.122 ,0.14 ,0.139 ,0.11 
A;BG;PC_GDP;OBJ09,0 ,0 ,0 ,0 ,0 ,0 ,0 ,0 ,0 ,0 ,0.012 ,0.013 ,0.015 ,0.015 ,0.014 ,0.018 ,0.017 ,0.014 
A;CY;PC_GDP;OBJ09,0.21 ,0.269 ,0.291 ,0.29 ,0.292 ,0.272 ,0.22 ,0.195 ,0.242 ,0.213 ,0.306 ,0.287 ,0.213 ,0.187 ,0.186 ,0.181 ,0.191 ,0.182 
A;CZ;PC_GDP;OBJ09,0.001 ,0 ,0 ,0 ,0 ,0 ,0 ,0.001 ,0 ,0 ,0.005 ,0.012 ,0.015 ,0.016 ,0.033 ,0.032 ,0.043 ,0.063 
A;DE;PC_GDP;OBJ09,0 ,0 ,0 ,0 ,0 ,0 ,0 ,0 ,0 ,0 ,0 ,0 ,0 ,0 ,0 ,0 ,0 ,0 
A;DK;PC_GDP;OBJ09,0 ,0 ,0 ,0 ,0 ,0 ,0 ,0 ,0 ,0 ,0 ,0 ,0 ,0 ,0 ,0 ,0 ,0 
A;EE;PC_GDP;OBJ09,0.027 ,0.021 ,0.027 ,0.027 ,0.024 ,0.022 ,0.018 ,0.018 ,0.033 ,0.033 ,0.031 ,0.029 ,0.028 ,0.028 ,0.032 ,0.031 ,0.047 ,0.184 
A;EL;PC_GDP;OBJ09,0.005 ,0.002 ,0.004 ,0.003 ,0.003 ,0.001 ,0.002 ,0.001 ,0.001 ,0.001 ,0.001 ,0.001 ,0.001 ,0.002 ,0.002 ,0.001 ,0 ,0 
A;ES;PC_GDP;OBJ09,0.01 ,0.009 ,0.01 ,0.008 ,0.004 ,0.007 ,0.007 ,0.007 ,0.01 ,0.011 ,0.01 ,0.009 ,0.008 ,0.007 ,0.008 ,0.016 ,0.014 ,0.018 
A;EU28;PC_GDP;OBJ09,0.007 ,0.006 ,0.007 ,0.007 ,0.008 ,0.011 ,0.009 ,0.011 ,0.011 ,0.012 ,0.014 ,0.015 ,0.018 ,0.02 ,0.025 ,0.032 ,0.037 ,0.037 
A;FI;PC_GDP;OBJ09,0 ,0 ,0.008 ,0.008 ,0.009 ,0.009 ,0.01 ,0.009 ,0.01 ,0.016 ,0.015 ,0.015 ,0.013 ,0.014 ,0.012 ,0.011 ,0.014 ,0.018 
A;FR;PC_GDP;OBJ09,0.017 ,0.017 ,0.016 ,0.015 ,0.015 ,0.033 ,0.025 ,0.024 ,0.025 ,0.026 ,0.024 ,0.028 ,0.026 ,0.029 ,0.03 ,0.039 ,0.051 ,0.06 
A;HR;PC_GDP;OBJ09,0 ,0 ,0 ,0 ,0 ,0 ,0 ,0 ,0 ,0 ,0 ,0 ,0 ,0.009 ,0.013 ,0.033 ,0.033 ,0.13 
A;HU;PC_GDP;OBJ09,0 ,0 ,0.012 ,0.025 ,0.041 ,0.034 ,0.034 ,0.038 ,0.049 ,0.066 ,0.061 ,0.133 ,0.214 ,0.334 ,0.306 ,0.314 ,0.589 ,0.586 
A;IE;PC_GDP;OBJ09,0.023 ,0.02 ,0.019 ,0.016 ,0.013 ,0.021 ,0.046 ,0.04 ,0.025 ,0.048 ,0.074 ,0.053 ,0.068 ,0.094 ,0.136 ,0.027 ,0.01 ,0.009 
A;IT;PC_GDP;OBJ09,0 ,0 ,0 ,0.001 ,0.001 ,0.001 ,0.001 ,0 ,0 ,0.001 ,0.003 ,0.006 ,0.008 ,0.008 ,0.009 ,0.022 ,0.018 ,0.014 
A;LT;PC_GDP;OBJ09,0 ,0 ,0 ,0 ,0 ,0 ,0 ,0 ,0 ,0 ,0 ,0.004 ,0.004 ,0.007 ,0.007 ,0.051 ,0.459 ,0.473 
A;LU;PC_GDP;OBJ09,0.017 ,0.018 ,0.019 ,0.023 ,0.022 ,0.022 ,0.021 ,0.02 ,0.02 ,0.021 ,0.019 ,0.017 ,0.015 ,0.015 ,0.014 ,0.014 ,0.014 ,0.013 
A;LV;PC_GDP;OBJ09,0 ,0 ,0 ,0 ,0 ,0 ,0 ,0 ,0.003 ,0.011 ,0.006 ,0.006 ,1.21 ,1.241 ,1.484 ,1.097 ,0.987 ,0.323 
A;MT;PC_GDP;OBJ09,0 ,0 ,0 ,0 ,0 ,0 ,0 ,0.012 ,0.018 ,0.088 ,0.03 ,0.089 ,0.049 ,0.013 ,0.059 ,0.185 ,0.052 ,0.066 
A;NL;PC_GDP;OBJ09,0.008 ,0.007 ,0.009 ,0.007 ,0.006 ,0.006 ,0.01 ,0.009 ,0.008 ,0.009 ,0.008 ,0.009 ,0.007 ,0.006 ,0.008 ,0.007 ,0.011 ,0.016 
A;PL;PC_GDP;OBJ09,0 ,0 ,0 ,0 ,0 ,0 ,0 ,0 ,0 ,0 ,0.035 ,0.001 ,0 ,0 ,0.007 ,0 ,0.016 ,0.067 
A;PT;PC_GDP;OBJ09,0 ,0 ,0 ,0 ,0 ,0.001 ,0 ,0 ,0 ,0 ,0 ,0 ,0 ,0 ,0 ,0 ,0 ,0 
A;RO;PC_GDP;OBJ09,0 ,0 ,0 ,0 ,0.003 ,0.003 ,0.004 ,0.005 ,0.006 ,0.005 ,0 ,0 ,0 ,0 ,0.002 ,0.004 ,0.004 ,0.004 
A;SE;PC_GDP;OBJ09,0.175 ,0.161 ,0.167 ,0.172 ,0.178 ,0.158 ,0.116 ,0.117 ,0.111 ,0.108 ,0.174 ,0.18 ,0.188 ,0.192 ,0.167 ,0.087 ,0.074 ,0.081 
A;SI;PC_GDP;OBJ09,0 ,0 ,0.002 ,0.011 ,0.023 ,0.023 ,0.035 ,0.029 ,0.034 ,0.04 ,0.038 ,0.035 ,0.03 ,0.029 ,0.022 ,0.025 ,0.026 ,0.024 
A;SK;PC_GDP;OBJ09,0.002 ,0 ,0.008 ,0 ,0.001 ,0.003 ,0.006 ,0.004 ,0.004 ,0.005 ,0 ,0.001 ,0.006 ,0.006 ,0.084 ,0.028 ,0.061 ,0.015 
A;UK;PC_GDP;OBJ09,0 ,0 ,0 ,0 ,0 ,0 ,0.001 ,0.009 ,0.011 ,0.011 ,0.015 ,0.015 ,0.014 ,0.015 ,0.02 ,0.03 ,0.038 ,0.038 
A;AT;PC_GDP;OBJ10,0.003 ,0.013 ,0 ,0 ,0 ,0 ,0 ,0.001 ,0.001 ,0 ,0 ,0 ,0 ,0 ,0 ,0 ,0 ,0 
A;BE;PC_GDP;OBJ10,0.001 ,0.001 ,0.001 ,0.001 ,0.003 ,0.003 ,0.002 ,0.002 ,0.002 ,0.002 ,0.002 ,0.003 ,0.002 ,0.002 ,0.002 ,0.002 ,0.002 ,0.003 
A;BG;PC_GDP;OBJ10,0 ,0 ,0 ,0 ,0 ,0 ,0 ,0 ,0 ,0 ,0 ,0 ,0 ,0 ,0 ,0 ,0 ,0 
A;CY;PC_GDP;OBJ10,0.042 ,0.048 ,0.045 ,0.027 ,0.012 ,0.001 ,0.001 ,0 ,0 ,0 ,0 ,0 ,0 ,0 ,0 ,0 ,0 ,0 
A;CZ;PC_GDP;OBJ10,0 ,0 ,0 ,0 ,0 ,0 ,0 ,0 ,0 ,0 ,0 ,0 ,0 ,0 ,0 ,0 ,0 ,0 
A;DE;PC_GDP;OBJ10,0 ,0 ,0 ,0 ,0 ,0 ,0 ,0 ,0 ,0 ,0 ,0 ,0 ,0 ,0 ,0 ,0 ,0 
A;DK;PC_GDP;OBJ10,0 ,0 ,0 ,0 ,0 ,0 ,0 ,0 ,0 ,0 ,0 ,0 ,0 ,0 ,0 ,0 ,0 ,0 
A;EE;PC_GDP;OBJ10,0.007 ,0.005 ,0.002 ,0.008 ,0.018 ,0.013 ,0.007 ,0.003 ,0 ,0 ,0 ,0 ,0 ,0 ,0 ,0 ,0 ,0 
A;EL;PC_GDP;OBJ10,0 ,0 ,0 ,0 ,0 ,0 ,0 ,0 ,0 ,0 ,0 ,0 ,0 ,0 ,0 ,0 ,0 ,0 
A;ES;PC_GDP;OBJ10,0.028 ,0.036 ,0.07 ,0.071 ,0.02 ,0.028 ,0.032 ,0.009 ,0.008 ,0.006 ,0.002 ,0 ,0 ,0 ,0 ,0 ,0 ,0.064 
A;EU28;PC_GDP;OBJ10,0.008 ,0.008 ,0.009 ,0.01 ,0.004 ,0.005 ,0.005 ,0.003 ,0.003 ,0.002 ,0.002 ,0.002 ,0.002 ,0.002 ,0.001 ,0.001 ,0 ,0.005 
A;FI;PC_GDP;OBJ10,0.022 ,0.014 ,0.012 ,0.011 ,0.011 ,0.01 ,0.014 ,0.009 ,0.023 ,0.019 ,0.022 ,0.019 ,0.017 ,0.013 ,0.016 ,0.009 ,0.005 ,0.004 
A;FR;PC_GDP;OBJ10,0.01 ,0.009 ,0.009 ,0.009 ,0.004 ,0.004 ,0.003 ,0 ,0 ,0 ,0 ,0 ,0 ,0 ,0 ,0 ,0 ,0 
A;HR;PC_GDP;OBJ10,0 ,0 ,0 ,0 ,0 ,0 ,0 ,0 ,0 ,0 ,0 ,0 ,0 ,0 ,0 ,0 ,0 ,0 
A;HU;PC_GDP;OBJ10,0 ,0 ,0 ,0 ,0 ,0 ,0 ,0.001 ,0.005 ,0.001 ,0 ,0 ,0 ,0 ,0 ,0 ,0 ,0 
A;IE;PC_GDP;OBJ10,0.004 ,0.001 ,0 ,0 ,0 ,0 ,0 ,0 ,0 ,0 ,0 ,0 ,0 ,0 ,0 ,0 ,0 ,0 
A;IT;PC_GDP;OBJ10,0.026 ,0.025 ,0.013 ,0.021 ,0.01 ,0.017 ,0.015 ,0.017 ,0.011 ,0.011 ,0.013 ,0.016 ,0.015 ,0.013 ,0.008 ,0.003 ,0.002 ,0.001 
A;LT;PC_GDP;OBJ10,0.008 ,0.006 ,0.003 ,0.002 ,0.001 ,0.001 ,0 ,0 ,0 ,0 ,0 ,0 ,0 ,0 ,0 ,0 ,0 ,0 
A;LU;PC_GDP;OBJ10,0.019 ,0.017 ,0.018 ,0.031 ,0.025 ,0.001 ,0.003 ,0.003 ,0.003 ,0.004 ,0.004 ,0.004 ,0.004 ,0.004 ,0.005 ,0.004 ,0.004 ,0.004 
A;LV;PC_GDP;OBJ10,0.006 ,0.004 ,0.01 ,0 ,0 ,0 ,0 ,0 ,0 ,0 ,0 ,0 ,0 ,0 ,0 ,0 ,0 ,0 
A;MT;PC_GDP;OBJ10,0.197 ,0.12 ,0.098 ,0.093 ,0.091 ,0 ,0 ,0 ,0 ,0 ,0 ,0 ,0 ,0 ,0 ,0 ,0 ,0 
A;NL;PC_GDP;OBJ10,0.007 ,0.005 ,0.009 ,0.004 ,0.001 ,0 ,0 ,0 ,0 ,0 ,0 ,0 ,0 ,0 ,0 ,0 ,0 ,0 
A;PL;PC_GDP;OBJ10,0 ,0 ,0 ,0 ,0.004 ,0 ,0 ,0 ,0 ,0 ,0 ,0 ,0 ,0 ,0 ,0 ,0 ,0 
A;PT;PC_GDP;OBJ10,0.002 ,0 ,0 ,0 ,0 ,0 ,0 ,0 ,0 ,0 ,0 ,0 ,0.001 ,0.001 ,0 ,0 ,0 ,0 
A;RO;PC_GDP;OBJ10,0 ,0 ,0.041 ,0.024 ,0.02 ,0 ,0 ,0 ,0 ,0 ,0 ,0 ,0 ,0 ,0 ,0 ,0 ,0 
A;SE;PC_GDP;OBJ10,0 ,0 ,0 ,0 ,0 ,0 ,0 ,0 ,0 ,0 ,0 ,0 ,0 ,0 ,0 ,0 ,0 ,0 
A;SI;PC_GDP;OBJ10,0 ,0 ,0 ,0 ,0 ,0 ,0 ,0 ,0 ,0 ,0 ,0 ,0 ,0 ,0 ,0 ,0 ,0 
A;SK;PC_GDP;OBJ10,0 ,0 ,0.001 ,0.011 ,0.003 ,0.001 ,0 ,0 ,0 ,0 ,0 ,0 ,0 ,0 ,0 ,0 ,0 ,0 
A;UK;PC_GDP;OBJ10,0 ,0 ,0 ,0 ,0 ,0 ,0 ,0 ,0 ,0 ,0 ,0 ,0 ,0 ,0 ,0 ,0 ,0 
A;AT;PC_GDP;OBJ11,0 ,0 ,0 ,0.007 ,0.008 ,0.003 ,0 ,0 ,0 ,0 ,0 ,0 ,0 ,0 ,0 ,0 ,0 ,0.001 
A;BE;PC_GDP;OBJ11,0 ,0 ,0 ,0 ,0 ,0 ,0 ,0 ,0 ,0 ,0 ,0 ,0 ,0 ,0 ,0 ,0 ,0 
A;BG;PC_GDP;OBJ11,0 ,0 ,0 ,0 ,0 ,0 ,0 ,0 ,0 ,0 ,0 ,0 ,0 ,0 ,0 ,0.001 ,0.001 ,0 
A;CY;PC_GDP;OBJ11,0 ,0 ,0 ,0.005 ,0.001 ,0 ,0 ,0 ,0 ,0 ,0 ,0.101 ,0.057 ,0.031 ,0.028 ,0 ,0 ,0 
A;CZ;PC_GDP;OBJ11,0 ,0 ,0 ,0 ,0 ,0 ,0 ,0 ,0.001 ,0 ,0 ,0 ,0 ,0 ,0 ,0 ,0 ,0 
A;DE;PC_GDP;OBJ11,0 ,0 ,0 ,0 ,0 ,0 ,0 ,0 ,0 ,0 ,0 ,0 ,0 ,0 ,0 ,0 ,0 ,0 
A;DK;PC_GDP;OBJ11,0 ,0 ,0 ,0 ,0 ,0 ,0 ,0 ,0 ,0 ,0 ,0 ,0 ,0 ,0 ,0 ,0 ,0 
A;EE;PC_GDP;OBJ11,0 ,0 ,0 ,0 ,0 ,0 ,0 ,0 ,0 ,0 ,0 ,0 ,0 ,0 ,0 ,0 ,0 ,0 
A;EL;PC_GDP;OBJ11,0 ,0 ,0 ,0 ,0 ,0 ,0 ,0 ,0 ,0 ,0 ,0 ,0 ,0 ,0 ,0 ,0 ,0 
A;ES;PC_GDP;OBJ11,0 ,0 ,0 ,0 ,0 ,0 ,0 ,0 ,0 ,0 ,0 ,0 ,0 ,0 ,0 ,0 ,0 ,0 
A;EU28;PC_GDP;OBJ11,0.001 ,0.001 ,0.002 ,0.002 ,0 ,0 ,0 ,0 ,0 ,0 ,0 ,0.001 ,0 ,0.002 ,0.003 ,0.003 ,0.004 ,0.004 
A;FI;PC_GDP;OBJ11,0 ,0 ,0 ,0 ,0 ,0 ,0 ,0 ,0 ,0 ,0 ,0 ,0 ,0 ,0 ,0 ,0 ,0 
A;FR;PC_GDP;OBJ11,0.004 ,0.004 ,0 ,0 ,0 ,0 ,0 ,0 ,0 ,0 ,0 ,0 ,0 ,0 ,0 ,0 ,0 ,0 
A;HR;PC_GDP;OBJ11,0 ,0 ,0 ,0 ,0 ,0 ,0 ,0 ,0 ,0 ,0 ,0 ,0 ,0 ,0 ,0 ,0 ,0 
A;HU;PC_GDP;OBJ11,0 ,0 ,0 ,0 ,0 ,0 ,0 ,0 ,0 ,0 ,0 ,0.002 ,0 ,0 ,0 ,0 ,0 ,0 
A;IE;PC_GDP;OBJ11,0 ,0 ,0 ,0 ,0 ,0 ,0 ,0 ,0 ,0 ,0 ,0 ,0 ,0 ,0 ,0 ,0 ,0 
A;IT;PC_GDP;OBJ11,0.002 ,0.003 ,0.012 ,0.01 ,0.001 ,0 ,0 ,0 ,0 ,0 ,0.002 ,0.002 ,0.001 ,0.007 ,0.012 ,0.015 ,0.013 ,0.017 
A;LT;PC_GDP;OBJ11,0 ,0 ,0 ,0 ,0 ,0 ,0 ,0 ,0 ,0 ,0 ,0 ,0 ,0 ,0 ,0 ,0 ,0 
A;LU;PC_GDP;OBJ11,0 ,0 ,0 ,0 ,0 ,0 ,0 ,0 ,0 ,0 ,0 ,0 ,0 ,0 ,0 ,0 ,0 ,0 
A;LV;PC_GDP;OBJ11,0 ,0 ,0 ,0 ,0 ,0 ,0 ,0 ,0 ,0 ,0 ,0 ,0 ,0 ,0 ,0 ,0 ,0 
A;MT;PC_GDP;OBJ11,0 ,0 ,0 ,0 ,0 ,0 ,0 ,0 ,0 ,0 ,0 ,0 ,0 ,0 ,0 ,0 ,0 ,0 
A;NL;PC_GDP;OBJ11,0.002 ,0 ,0.001 ,0.001 ,0.001 ,0 ,0 ,0 ,0 ,0 ,0 ,0 ,0 ,0 ,0 ,0 ,0 ,0 
A;PL;PC_GDP;OBJ11,0 ,0 ,0 ,0 ,0 ,0 ,0 ,0 ,0 ,0 ,0.003 ,0.002 ,0 ,0 ,0 ,0 ,0 ,0 
A;PT;PC_GDP;OBJ11,0 ,0 ,0 ,0 ,0 ,0 ,0 ,0 ,0 ,0 ,0 ,0 ,0 ,0 ,0 ,0 ,0 ,0 
A;RO;PC_GDP;OBJ11,0 ,0 ,0 ,0 ,0 ,0 ,0 ,0 ,0 ,0 ,0 ,0 ,0 ,0 ,0 ,0 ,0 ,0 
A;SE;PC_GDP;OBJ11,0 ,0 ,0 ,0 ,0 ,0 ,0 ,0 ,0 ,0 ,0 ,0 ,0 ,0 ,0 ,0 ,0 ,0 
A;SI;PC_GDP;OBJ11,0.089 ,0.182 ,0.085 ,0.067 ,0 ,0 ,0 ,0 ,0.021 ,0 ,0.003 ,0.02 ,0.001 ,0.029 ,0 ,0.004 ,0 ,0 
A;SK;PC_GDP;OBJ11,0 ,0 ,0 ,0 ,0 ,0 ,0 ,0 ,0 ,0 ,0 ,0 ,0 ,0 ,0 ,0 ,0 ,0 
A;UK;PC_GDP;OBJ11,0 ,0 ,0 ,0 ,0 ,0 ,0 ,0 ,0 ,0 ,0 ,0 ,0 ,0 ,0 ,0 ,0.009 ,0.009 
A;AT;PC_GDP;OBJ12,0 ,0 ,0 ,0 ,0 ,0 ,0 ,0 ,0 ,0 ,0 ,0 ,0 ,0 ,0 ,0 ,0 ,0 
A;BE;PC_GDP;OBJ12,0 ,0 ,0 ,0 ,0 ,0 ,0 ,0 ,0 ,0 ,0 ,0 ,0 ,0 ,0 ,0 ,0 ,0 
A;BG;PC_GDP;OBJ12,0 ,0 ,0 ,0 ,0 ,0 ,0 ,0 ,0 ,0 ,0 ,0 ,0 ,0 ,0 ,0 ,0 ,0 
A;CY;PC_GDP;OBJ12,0 ,0 ,0 ,0 ,0 ,0 ,0 ,0.005 ,0.005 ,0.007 ,0.006 ,0.006 ,0.005 ,0.004 ,0.004 ,0.004 ,0.004 ,0.003 
A;CZ;PC_GDP;OBJ12,0 ,0 ,0 ,0 ,0 ,0 ,0 ,0 ,0 ,0 ,0 ,0 ,0 ,0 ,0.01 ,0.001 ,0.005 ,0 
A;DE;PC_GDP;OBJ12,0 ,0 ,0 ,0 ,0 ,0 ,0 ,0 ,0 ,0 ,0 ,0 ,0 ,0 ,0 ,0 ,0 ,0 
A;DK;PC_GDP;OBJ12,0 ,0 ,0 ,0 ,0 ,0 ,0 ,0 ,0 ,0 ,0 ,0 ,0 ,0 ,0 ,0 ,0 ,0 
A;EE;PC_GDP;OBJ12,0 ,0 ,0 ,0 ,0 ,0 ,0 ,0 ,0 ,0 ,0 ,0 ,0 ,0 ,0 ,0 ,0 ,0 
A;EL;PC_GDP;OBJ12,0 ,0 ,0 ,0 ,0 ,0 ,0 ,0 ,0 ,0 ,0 ,0 ,0 ,0 ,0 ,0 ,0 ,0 
A;ES;PC_GDP;OBJ12,0 ,0 ,0 ,0 ,0 ,0 ,0 ,0 ,0 ,0 ,0 ,0 ,0 ,0 ,0 ,0 ,0 ,0 
A;EU28;PC_GDP;OBJ12,0 ,0 ,0 ,0 ,0.001 ,0.001 ,0.001 ,0 ,0 ,0 ,0.002 ,0.003 ,0.004 ,0.004 ,0.004 ,0.004 ,0 ,0 
A;FI;PC_GDP;OBJ12,0 ,0 ,0 ,0 ,0 ,0 ,0 ,0 ,0 ,0 ,0 ,0 ,0 ,0 ,0 ,0 ,0 ,0 
A;FR;PC_GDP;OBJ12,0 ,0 ,0 ,0 ,0 ,0 ,0 ,0 ,0 ,0 ,0 ,0 ,0 ,0 ,0 ,0 ,0 ,0 
A;HR;PC_GDP;OBJ12,0 ,0 ,0 ,0 ,0 ,0 ,0 ,0 ,0 ,0 ,0 ,0 ,0 ,0 ,0 ,0 ,0 ,0 
A;HU;PC_GDP;OBJ12,0 ,0 ,0 ,0.001 ,0.042 ,0.05 ,0.021 ,0.01 ,0.001 ,0 ,0.001 ,0 ,0 ,0 ,0.001 ,0 ,0 ,0 
A;IE;PC_GDP;OBJ12,0 ,0 ,0 ,0 ,0 ,0 ,0 ,0 ,0 ,0 ,0 ,0 ,0 ,0 ,0 ,0 ,0 ,0 
A;IT;PC_GDP;OBJ12,0 ,0 ,0 ,0 ,0 ,0 ,0 ,0 ,0 ,0 ,0 ,0 ,0 ,0 ,0 ,0 ,0 ,0 
A;LT;PC_GDP;OBJ12,0 ,0 ,0 ,0 ,0 ,0 ,0 ,0 ,0 ,0 ,0 ,0 ,0 ,0 ,0 ,0 ,0 ,0 
A;LU;PC_GDP;OBJ12,0 ,0 ,0 ,0 ,0 ,0 ,0 ,0 ,0 ,0 ,0 ,0 ,0 ,0 ,0 ,0 ,0 ,0 
A;LV;PC_GDP;OBJ12,0 ,0 ,0 ,0 ,0 ,0 ,0 ,0 ,0 ,0 ,0 ,0 ,0 ,0 ,0 ,0 ,0 ,0 
A;MT;PC_GDP;OBJ12,0 ,0 ,0 ,0 ,0 ,0 ,0 ,0 ,0 ,0 ,0 ,0 ,0 ,0 ,0 ,0 ,0 ,0 
A;NL;PC_GDP;OBJ12,0 ,0 ,0 ,0 ,0 ,0 ,0 ,0 ,0 ,0 ,0.004 ,0.005 ,0.002 ,0.008 ,0.008 ,0 ,0 ,0 
A;PL;PC_GDP;OBJ12,0 ,0 ,0 ,0 ,0.007 ,0.009 ,0.006 ,0.007 ,0.005 ,0.004 ,0.007 ,0.006 ,0.008 ,0.008 ,0.005 ,0.01 ,0.005 ,0.005 
A;PT;PC_GDP;OBJ12,0.001 ,0 ,0 ,0 ,0 ,0 ,0 ,0 ,0 ,0 ,0 ,0 ,0 ,0 ,0 ,0 ,0 ,0 
A;RO;PC_GDP;OBJ12,0 ,0 ,0 ,0 ,0 ,0 ,0 ,0 ,0 ,0 ,0 ,0 ,0 ,0 ,0 ,0 ,0 ,0 
A;SE;PC_GDP;OBJ12,0 ,0 ,0 ,0 ,0 ,0 ,0 ,0 ,0 ,0 ,0 ,0 ,0 ,0 ,0 ,0 ,0 ,0 
A;SI;PC_GDP;OBJ12,0 ,0 ,0 ,0 ,0 ,0 ,0 ,0 ,0 ,0 ,0 ,0 ,0 ,0 ,0 ,0 ,0 ,0 
A;SK;PC_GDP;OBJ12,0.001 ,0 ,0 ,0 ,0 ,0 ,0 ,0 ,0 ,0 ,0 ,0 ,0 ,0 ,0 ,0 ,0 ,0 
A;UK;PC_GDP;OBJ12,0 ,0 ,0 ,0 ,0 ,0 ,0.001 ,0.001 ,0 ,0.001 ,0.015 ,0.018 ,0.026 ,0.024 ,0.019 ,0.02 ,0 ,0 
A;AT;PC_GDP;OBJ13,0 ,0 ,0 ,0 ,0 ,0 ,0 ,0 ,0 ,0 ,0 ,0 ,0 ,0 ,0 ,0 ,0 ,0 
A;BE;PC_GDP;OBJ13,0 ,0 ,0 ,0 ,0 ,0 ,0 ,0 ,0 ,0 ,0 ,0 ,0 ,0 ,0 ,0 ,0 ,0 
A;BG;PC_GDP;OBJ13,0 ,0 ,0 ,0 ,0 ,0 ,0 ,0 ,0 ,0 ,0 ,0 ,0 ,0.009 ,0 ,0 ,0 ,0 
A;CY;PC_GDP;OBJ13,0 ,0 ,0 ,0 ,0 ,0 ,0 ,0 ,0 ,0 ,0 ,0 ,0 ,0 ,0 ,0 ,0 ,0 
A;CZ;PC_GDP;OBJ13,0 ,0 ,0 ,0 ,0 ,0 ,0 ,0 ,0 ,0 ,0 ,0 ,0 ,0 ,0 ,0 ,0 ,0 
A;DE;PC_GDP;OBJ13,0 ,0 ,0 ,0 ,0 ,0 ,0 ,0 ,0 ,0 ,0 ,0 ,0 ,0 ,0 ,0 ,0 ,0 
A;DK;PC_GDP;OBJ13,0 ,0 ,0 ,0 ,0 ,0 ,0 ,0 ,0 ,0 ,0 ,0 ,0 ,0 ,0 ,0 ,0 ,0 
A;EE;PC_GDP;OBJ13,0 ,0 ,0 ,0 ,0 ,0 ,0 ,0 ,0 ,0 ,0 ,0 ,0 ,0 ,0 ,0 ,0 ,0 
A;EL;PC_GDP;OBJ13,0 ,0 ,0 ,0 ,0 ,0 ,0 ,0 ,0 ,0 ,0 ,0 ,0 ,0 ,0 ,0 ,0 ,0 
A;ES;PC_GDP;OBJ13,0 ,0 ,0 ,0 ,0 ,0 ,0 ,0 ,0 ,0 ,0 ,0 ,0 ,0 ,0.042 ,0.039 ,0.04 ,0.06 
A;EU28;PC_GDP;OBJ13,0 ,0 ,0 ,0 ,0 ,0 ,0 ,0.006 ,0.006 ,0.009 ,0.017 ,0.026 ,0.024 ,0.025 ,0.038 ,0.038 ,0.027 ,0.026 
A;FI;PC_GDP;OBJ13,0 ,0 ,0 ,0 ,0 ,0 ,0 ,0 ,0 ,0 ,0 ,0 ,0 ,0 ,0 ,0 ,0 ,0 
A;FR;PC_GDP;OBJ13,0 ,0 ,0 ,0 ,0 ,0.001 ,0 ,0.042 ,0.042 ,0.057 ,0.106 ,0.165 ,0.154 ,0.157 ,0.228 ,0.239 ,0.16 ,0.14 
A;HR;PC_GDP;OBJ13,0 ,0 ,0 ,0 ,0 ,0 ,0 ,0 ,0 ,0 ,0 ,0 ,0 ,0 ,0 ,0 ,0 ,0 
A;HU;PC_GDP;OBJ13,0 ,0 ,0 ,0 ,0 ,0 ,0 ,0 ,0 ,0 ,0 ,0 ,0 ,0.009 ,0.001 ,0 ,0 ,0 
A;IE;PC_GDP;OBJ13,0 ,0 ,0 ,0 ,0 ,0 ,0 ,0 ,0 ,0 ,0 ,0 ,0 ,0 ,0 ,0 ,0 ,0 
A;IT;PC_GDP;OBJ13,0 ,0 ,0 ,0 ,0 ,0 ,0 ,0 ,0 ,0 ,0 ,0 ,0 ,0 ,0 ,0 ,0 ,0 
A;LT;PC_GDP;OBJ13,0 ,0 ,0 ,0 ,0 ,0 ,0 ,0 ,0 ,0 ,0 ,0 ,0.003 ,0 ,0 ,0 ,0 ,0 
A;LU;PC_GDP;OBJ13,0 ,0 ,0 ,0 ,0 ,0 ,0 ,0 ,0 ,0 ,0 ,0 ,0 ,0 ,0 ,0 ,0 ,0 
A;LV;PC_GDP;OBJ13,0 ,0 ,0 ,0 ,0 ,0 ,0 ,0 ,0 ,0 ,0 ,0 ,0 ,0 ,0 ,0 ,0 ,0 
A;MT;PC_GDP;OBJ13,0 ,0 ,0 ,0 ,0 ,0 ,0 ,0 ,0 ,0 ,0 ,0 ,0 ,0 ,0 ,0 ,0 ,0 
A;NL;PC_GDP;OBJ13,0 ,0 ,0 ,0 ,0 ,0 ,0 ,0 ,0 ,0 ,0 ,0.001 ,0 ,0 ,0 ,0 ,0 ,0 
A;PL;PC_GDP;OBJ13,0 ,0 ,0 ,0 ,0.001 ,0.001 ,0.001 ,0 ,0 ,0 ,0 ,0 ,0 ,0 ,0 ,0 ,0 ,0 
A;PT;PC_GDP;OBJ13,0 ,0 ,0 ,0 ,0 ,0 ,0 ,0 ,0 ,0.004 ,0.004 ,0.004 ,0.003 ,0.003 ,0.003 ,0.004 ,0.014 ,0.017 
A;RO;PC_GDP;OBJ13,0 ,0 ,0 ,0 ,0 ,0 ,0 ,0 ,0 ,0 ,0 ,0 ,0 ,0 ,0 ,0 ,0 ,0 
A;SE;PC_GDP;OBJ13,0 ,0 ,0 ,0 ,0 ,0 ,0 ,0 ,0 ,0 ,0 ,0 ,0 ,0 ,0 ,0 ,0 ,0 
A;SI;PC_GDP;OBJ13,0 ,0 ,0 ,0 ,0 ,0 ,0 ,0 ,0 ,0 ,0 ,0 ,0 ,0 ,0 ,0 ,0 ,0 
A;SK;PC_GDP;OBJ13,0 ,0 ,0 ,0 ,0 ,0 ,0 ,0 ,0 ,0 ,0 ,0 ,0 ,0 ,0 ,0 ,0 ,0 
A;UK;PC_GDP;OBJ13,0 ,0 ,0 ,0 ,0 ,0 ,0 ,0 ,0 ,0 ,0 ,0 ,0 ,0 ,0 ,0 ,0 ,0 
A;AT;PC_GDP;OBJ15,0.062 ,0.118 ,0.11 ,0.133 ,0.073 ,0.054 ,0.074 ,0.084 ,0.094 ,0.114 ,0.172 ,0.085 ,0.071 ,0.077 ,0.084 ,0.066 ,0.073 ,0.053 
A;BE;PC_GDP;OBJ15,0.053 ,0.058 ,0.055 ,0.071 ,0.059 ,0.048 ,0.059 ,0.124 ,0.152 ,0.248 ,0.242 ,0.098 ,0.109 ,0.093 ,0.107 ,0.221 ,0.18 ,0.186 
A;BG;PC_GDP;OBJ15,0 ,0 ,0 ,0 ,0 ,0 ,0.006 ,0.025 ,0.015 ,0.032 ,0.006 ,0.004 ,0.004 ,0.001 ,0.011 ,0.013 ,0.006 ,0.003 
A;CY;PC_GDP;OBJ15,0.008 ,0.01 ,0.013 ,0.004 ,0.022 ,0.025 ,0.022 ,0.013 ,0.005 ,0.002 ,0.009 ,0.003 ,0.007 ,0.008 ,0.01 ,0.006 ,0.003 ,0.002 
A;CZ;PC_GDP;OBJ15,0.036 ,0.037 ,0.051 ,0.045 ,0.057 ,0.094 ,0.126 ,0.132 ,0.13 ,0.152 ,0.165 ,0.176 ,0.168 ,0.165 ,0.154 ,0.156 ,0.137 ,0.168 
A;DE;PC_GDP;OBJ15,0 ,0 ,0 ,0 ,0 ,0 ,0 ,0 ,0 ,0 ,0 ,0 ,0 ,0 ,0 ,0 ,0 ,0 
A;DK;PC_GDP;OBJ15,0 ,0 ,0 ,0 ,0 ,0 ,0 ,0 ,0 ,0 ,0 ,0 ,0 ,0 ,0 ,0 ,0 ,0 
A;EE;PC_GDP;OBJ15,0.005 ,0.008 ,0.018 ,0.022 ,0.018 ,0.028 ,0.022 ,0.016 ,0.02 ,0.008 ,0.004 ,0.004 ,0.001 ,0.005 ,0.081 ,0.061 ,0.037 ,0.035 
A;EL;PC_GDP;OBJ15,0 ,0 ,0.001 ,0.002 ,0.004 ,0.004 ,0.003 ,0.004 ,0.006 ,0.004 ,0.001 ,0.001 ,0.002 ,0.004 ,0.031 ,0.022 ,0.046 ,0.002 
A;ES;PC_GDP;OBJ15,0.046 ,0.045 ,0.048 ,0.046 ,0.048 ,0.034 ,0.042 ,0.065 ,0.084 ,0.136 ,0.106 ,0.089 ,0.073 ,0.061 ,0.044 ,0.031 ,0.026 ,0.028 
A;EU28;PC_GDP;OBJ15,0.046 ,0.05 ,0.052 ,0.053 ,0.047 ,0.048 ,0.054 ,0.061 ,0.069 ,0.088 ,0.084 ,0.076 ,0.07 ,0.068 ,0.066 ,0.059 ,0.063 ,0.058 
A;FI;PC_GDP;OBJ15,0.094 ,0.099 ,0.101 ,0.094 ,0.091 ,0.092 ,0.093 ,0.088 ,0.131 ,0.134 ,0.128 ,0.14 ,0.115 ,0.127 ,0.116 ,0.095 ,0.064 ,0.062 
A;FR;PC_GDP;OBJ15,0.046 ,0.045 ,0.046 ,0.056 ,0.049 ,0.066 ,0.082 ,0.091 ,0.089 ,0.11 ,0.094 ,0.103 ,0.101 ,0.075 ,0.086 ,0.042 ,0.035 ,0.035 
A;HR;PC_GDP;OBJ15,0 ,0 ,0 ,0 ,0 ,0 ,0 ,0 ,0 ,0 ,0 ,0 ,0 ,0.036 ,0.041 ,0 ,0.001 ,0.002 
A;HU;PC_GDP;OBJ15,0.014 ,0.051 ,0.033 ,0.007 ,0.016 ,0.048 ,0.067 ,0.007 ,0.069 ,0.1 ,0.03 ,0.053 ,0.163 ,0.295 ,0.007 ,0.01 ,0.226 ,0.355 
A;IE;PC_GDP;OBJ15,0.004 ,0.019 ,0.027 ,0.033 ,0.024 ,0.025 ,0.037 ,0.064 ,0.055 ,0.087 ,0.142 ,0.074 ,0.054 ,0.058 ,0.047 ,0.018 ,0.026 ,0.028 
A;IT;PC_GDP;OBJ15,0.064 ,0.056 ,0.041 ,0.063 ,0.045 ,0.059 ,0.048 ,0.035 ,0.056 ,0.056 ,0.034 ,0.03 ,0.047 ,0.041 ,0.046 ,0.052 ,0.061 ,0.032 
A;LT;PC_GDP;OBJ15,0.001 ,0.005 ,0.002 ,0.002 ,0.003 ,0.011 ,0.024 ,0 ,0 ,0.016 ,0.041 ,0.025 ,0.031 ,0.025 ,0.014 ,0.034 ,0.009 ,0.027 
A;LU;PC_GDP;OBJ15,0.035 ,0.032 ,0.02 ,0.029 ,0.029 ,0.038 ,0.039 ,0.047 ,0.051 ,0.16 ,0.106 ,0.062 ,0.095 ,0.168 ,0.086 ,0.055 ,0.059 ,0.062 
A;LV;PC_GDP;OBJ15,0.027 ,0.031 ,0.029 ,0.063 ,0 ,0 ,0 ,0.002 ,0.003 ,0.001 ,0.002 ,0.004 ,0.004 ,0.007 ,0.13 ,0.028 ,0.041 ,0.047 
A;MT;PC_GDP;OBJ15,0 ,0 ,0 ,0 ,0 ,0 ,0.001 ,0.001 ,0 ,0.031 ,0.003 ,0.031 ,0.01 ,0.024 ,0.01 ,0.002 ,0.011 ,0.002 
A;NL;PC_GDP;OBJ15,0.034 ,0.037 ,0.053 ,0.046 ,0.043 ,0.048 ,0.044 ,0.044 ,0.044 ,0.078 ,0.104 ,0.108 ,0.082 ,0.059 ,0.065 ,0.053 ,0.042 ,0.039 
A;PL;PC_GDP;OBJ15,0.013 ,0.011 ,0.015 ,0.012 ,0.012 ,0.015 ,0.012 ,0.014 ,0.011 ,0.01 ,0.019 ,0.007 ,0.024 ,0.016 ,0.059 ,0.044 ,0.096 ,0.253 
A;PT;PC_GDP;OBJ15,0.01 ,0 ,0 ,0.019 ,0.02 ,0.006 ,0.006 ,0.01 ,0.01 ,0.028 ,0.072 ,0.04 ,0.069 ,0.051 ,0.058 ,0.008 ,0.038 ,0.039 
A;RO;PC_GDP;OBJ15,0 ,0 ,0 ,0 ,0.036 ,0.02 ,0.022 ,0.035 ,0.044 ,0.021 ,0.025 ,0.003 ,0.006 ,0.008 ,0.019 ,0.016 ,0.013 ,0.026 
A;SE;PC_GDP;OBJ15,0.179 ,0.119 ,0.113 ,0.109 ,0.122 ,0.114 ,0.127 ,0.139 ,0.155 ,0.171 ,0.165 ,0.163 ,0.184 ,0.218 ,0.415 ,0.212 ,0.258 ,0.265 
A;SI;PC_GDP;OBJ15,0.09 ,0.099 ,0.104 ,0.121 ,0.087 ,0.081 ,0.062 ,0.061 ,0.056 ,0.185 ,0.268 ,0.199 ,0.228 ,0.196 ,0.125 ,0.053 ,0.026 ,0.08 
A;SK;PC_GDP;OBJ15,0.038 ,0.021 ,0.017 ,0.007 ,0.002 ,0.006 ,0.01 ,0.008 ,0.006 ,0.014 ,0.027 ,0.02 ,0.016 ,0.014 ,0.039 ,0.067 ,0.041 ,0.008 
A;UK;PC_GDP;OBJ15,0.013 ,0.02 ,0.035 ,0.036 ,0.027 ,0.021 ,0.022 ,0.045 ,0.048 ,0.06 ,0.066 ,0.05 ,0.048 ,0.058 ,0.074 ,0.088 ,0.105 ,0.078 
A;AT;PC_GDP;OBJ16,0.049 ,0.042 ,0.034 ,0.052 ,0.064 ,0.084 ,0.078 ,0.072 ,0.089 ,0.057 ,0.025 ,0.039 ,0.033 ,0.024 ,0.021 ,0.018 ,0.019 ,0.02 
A;BE;PC_GDP;OBJ16,0.074 ,0.06 ,0.065 ,0.073 ,0.078 ,0.088 ,0.089 ,0.072 ,0.069 ,0.067 ,0.063 ,0.05 ,0.051 ,0.037 ,0.038 ,0.026 ,0.035 ,0.029 
A;BG;PC_GDP;OBJ16,0 ,0 ,0.001 ,0.001 ,0.003 ,0.001 ,0 ,0 ,0.003 ,0 ,0.002 ,0 ,0 ,0 ,0.003 ,0.013 ,0.015 ,0 
A;CY;PC_GDP;OBJ16,0.129 ,0.115 ,0.157 ,0.019 ,0.011 ,0.011 ,0.08 ,0.05 ,0.062 ,0.035 ,0.025 ,0.018 ,0.013 ,0.015 ,0.015 ,0.015 ,0.017 ,0.001 
A;CZ;PC_GDP;OBJ16,0.165 ,0.156 ,0.213 ,0.066 ,0.057 ,0.08 ,0.086 ,0.11 ,0.043 ,0.014 ,0.015 ,0.005 ,0.007 ,0.01 ,0.007 ,0.006 ,0 ,0.002 
A;DE;PC_GDP;OBJ16,0 ,0 ,0 ,0 ,0 ,0 ,0 ,0 ,0 ,0 ,0 ,0 ,0 ,0 ,0 ,0 ,0 ,0 
A;DK;PC_GDP;OBJ16,0 ,0 ,0 ,0 ,0 ,0 ,0 ,0 ,0 ,0 ,0 ,0 ,0 ,0 ,0 ,0 ,0 ,0 
A;EE;PC_GDP;OBJ16,0 ,0.01 ,0.019 ,0.011 ,0.002 ,0.03 ,0.006 ,0.005 ,0.012 ,0.024 ,0.012 ,0.009 ,0.003 ,0.001 ,0 ,0 ,0 ,0.001 
A;EL;PC_GDP;OBJ16,0.003 ,0.005 ,0.002 ,0.006 ,0.011 ,0.027 ,0.041 ,0.04 ,0.075 ,0.051 ,0.07 ,0.013 ,0.01 ,0.004 ,0.015 ,0.024 ,0.023 ,0 
A;ES;PC_GDP;OBJ16,0.066 ,0.043 ,0.042 ,0.037 ,0.039 ,0.033 ,0.036 ,0.015 ,0.016 ,0.018 ,0.012 ,0.007 ,0.006 ,0.006 ,0.005 ,0.003 ,0.004 ,0.005 
A;EU28;PC_GDP;OBJ16,0.057 ,0.059 ,0.058 ,0.05 ,0.052 ,0.05 ,0.047 ,0.044 ,0.048 ,0.046 ,0.036 ,0.03 ,0.03 ,0.026 ,0.027 ,0.031 ,0.03 ,0.038 
A;FI;PC_GDP;OBJ16,0.05 ,0.03 ,0.033 ,0.024 ,0.026 ,0.025 ,0.022 ,0.022 ,0.03 ,0.038 ,0.025 ,0.027 ,0.02 ,0.024 ,0.014 ,0.025 ,0.027 ,0.023 
A;FR;PC_GDP;OBJ16,0.086 ,0.086 ,0.113 ,0.107 ,0.108 ,0.104 ,0.084 ,0.046 ,0.086 ,0.083 ,0.078 ,0.068 ,0.057 ,0.052 ,0.043 ,0.063 ,0.055 ,0.048 
A;HR;PC_GDP;OBJ16,0 ,0 ,0 ,0 ,0 ,0 ,0 ,0 ,0 ,0 ,0 ,0 ,0 ,0.014 ,0 ,0.009 ,0.106 ,0.212 
A;HU;PC_GDP;OBJ16,0.032 ,0.075 ,0.121 ,0.053 ,0.053 ,0.053 ,0.041 ,0.032 ,0.053 ,0.031 ,0.014 ,0.016 ,0.007 ,0.01 ,0.132 ,0.109 ,0.026 ,0.037 
A;IE;PC_GDP;OBJ16,0.002 ,0.009 ,0.008 ,0.01 ,0.033 ,0.048 ,0.068 ,0.065 ,0.105 ,0.037 ,0.033 ,0.025 ,0.014 ,0.017 ,0.021 ,0.016 ,0.012 ,0.003 
A;IT;PC_GDP;OBJ16,0.117 ,0.189 ,0.14 ,0.106 ,0.11 ,0.09 ,0.081 ,0.092 ,0.067 ,0.068 ,0.032 ,0.031 ,0.027 ,0.018 ,0.013 ,0.014 ,0.027 ,0.088 
A;LT;PC_GDP;OBJ16,0 ,0 ,0 ,0 ,0.015 ,0.017 ,0.067 ,0.009 ,0.007 ,0.004 ,0.023 ,0.027 ,0.037 ,0.017 ,0.021 ,0.021 ,0.01 ,0.004 
A;LU;PC_GDP;OBJ16,0.025 ,0.025 ,0.03 ,0.038 ,0.029 ,0.032 ,0.044 ,0.033 ,0.035 ,0.03 ,0.026 ,0.027 ,0.023 ,0.024 ,0.023 ,0.022 ,0.023 ,0.028 
A;LV;PC_GDP;OBJ16,0.083 ,0.073 ,0.065 ,0.084 ,0.013 ,0.039 ,0.034 ,1.156 ,0.049 ,0.005 ,0.009 ,0.018 ,0.027 ,0.027 ,0.03 ,0.051 ,0.008 ,0.002 
A;MT;PC_GDP;OBJ16,0 ,0.033 ,0.057 ,0.059 ,0.082 ,0.011 ,0.022 ,0.011 ,0.011 ,0.005 ,0.002 ,0.001 ,0.001 ,0.001 ,0.002 ,0.001 ,0.015 ,0.008 
A;NL;PC_GDP;OBJ16,0.031 ,0.012 ,0.007 ,0.025 ,0.022 ,0.011 ,0.012 ,0.013 ,0.016 ,0.014 ,0.008 ,0.005 ,0.004 ,0.005 ,0.003 ,0.004 ,0.004 ,0.005 
A;PL;PC_GDP;OBJ16,0.001 ,0.006 ,0.014 ,0.017 ,0.004 ,0.034 ,0.032 ,0.06 ,0.012 ,0.001 ,0.01 ,0.002 ,0.001 ,0.001 ,0.001 ,0 ,0.001 ,0.022 
A;PT;PC_GDP;OBJ16,0.095 ,0.077 ,0.064 ,0.073 ,0.06 ,0.034 ,0.04 ,0.03 ,0.041 ,0.035 ,0.025 ,0.01 ,0.022 ,0.014 ,0.027 ,0.1 ,0.071 ,0.077 
A;RO;PC_GDP;OBJ16,0 ,0 ,0.073 ,0.014 ,0.003 ,0.001 ,0.007 ,0 ,0 ,0.003 ,0.005 ,0.003 ,0.001 ,0 ,0.002 ,0.002 ,0.002 ,0 
A;SE;PC_GDP;OBJ16,0.038 ,0.028 ,0.035 ,0.024 ,0.028 ,0.024 ,0.013 ,0.016 ,0.007 ,0.002 ,0.002 ,0.003 ,0 ,0.001 ,0 ,0.044 ,0.023 ,0.035 
A;SI;PC_GDP;OBJ16,0.094 ,0.038 ,0.024 ,0.057 ,0.014 ,0.033 ,0.093 ,0.008 ,0.006 ,0.005 ,0.004 ,0.008 ,0.008 ,0.006 ,0.012 ,0.014 ,0.007 ,0.009 
A;SK;PC_GDP;OBJ16,0.022 ,0.003 ,0 ,0 ,0 ,0.008 ,0.042 ,0.02 ,0.015 ,0.006 ,0.001 ,0.001 ,0.001 ,0 ,0.002 ,0.006 ,0.01 ,0 
A;UK;PC_GDP;OBJ16,0.014 ,0.02 ,0.023 ,0.023 ,0.028 ,0.028 ,0.039 ,0.04 ,0.028 ,0.025 ,0.036 ,0.033 ,0.052 ,0.046 ,0.061 ,0.059 ,0.062 ,0.055 
A;AT;PC_GDP;OBJ40,0.012 ,0.013 ,0.01 ,0.012 ,0.01 ,0.012 ,0.029 ,0.005 ,0.006 ,0.004 ,0.001 ,0.001 ,0.002 ,0.007 ,0.004 ,0.009 ,0.006 ,0.003 
A;BE;PC_GDP;OBJ40,0.006 ,0.004 ,0.005 ,0.007 ,0.009 ,0.012 ,0.072 ,0.072 ,0.07 ,0.094 ,0.06 ,0.07 ,0.053 ,0.04 ,0.052 ,0.036 ,0.055 ,0.045 
A;BG;PC_GDP;OBJ40,0 ,0 ,0.118 ,0.135 ,0.027 ,0.029 ,0.024 ,0.007 ,0.009 ,0 ,0 ,0 ,0 ,0 ,0.019 ,0.025 ,0 ,0 
A;CY;PC_GDP;OBJ40,1.875 ,2.204 ,2.216 ,1.677 ,0.671 ,0.665 ,0.041 ,0.04 ,0.034 ,0.032 ,0.032 ,0.034 ,0.034 ,0.046 ,0.046 ,0.039 ,0.04 ,0.071 
A;CZ;PC_GDP;OBJ40,0 ,0 ,0 ,0 ,0.017 ,0.003 ,0.004 ,0.003 ,0.042 ,0.038 ,0.035 ,0.026 ,0.021 ,0.024 ,0.019 ,0.016 ,0.016 ,0.015 
A;DE;PC_GDP;OBJ40,0 ,0 ,0 ,0 ,0 ,0 ,0 ,0 ,0 ,0 ,0 ,0 ,0 ,0 ,0 ,0 ,0 ,0 
A;DK;PC_GDP;OBJ40,0 ,0 ,0 ,0 ,0 ,0 ,0 ,0 ,0 ,0 ,0 ,0 ,0 ,0 ,0 ,0 ,0 ,0 
A;EE;PC_GDP;OBJ40,0 ,0 ,0.002 ,0 ,0 ,0 ,0 ,0.001 ,0.001 ,0.001 ,0.001 ,0.001 ,0.004 ,0.001 ,0 ,0 ,0.032 ,0.037 
A;EL;PC_GDP;OBJ40,0.013 ,0.027 ,0.016 ,0.159 ,0.083 ,0.132 ,0.125 ,0.073 ,0.097 ,0.17 ,0.003 ,0.001 ,0.003 ,0.116 ,0.086 ,0.072 ,0.081 ,0.001 
A;ES;PC_GDP;OBJ40,0.477 ,0.732 ,0.299 ,0.27 ,0.266 ,0.259 ,0.113 ,0.119 ,0.093 ,0.088 ,0.092 ,0.092 ,0.067 ,0.074 ,0.065 ,0.073 ,0.055 ,0.049 
A;EU28;PC_GDP;OBJ40,0.144 ,0.171 ,0.229 ,0.204 ,0.111 ,0.095 ,0.257 ,0.078 ,0.091 ,0.088 ,0.077 ,0.041 ,0.05 ,0.039 ,0.035 ,0.035 ,0.033 ,0.033 
A;FI;PC_GDP;OBJ40,0.057 ,0.042 ,0.039 ,0.055 ,0.048 ,0.06 ,0.059 ,0.06 ,0.052 ,0.052 ,0.042 ,0.045 ,0.047 ,0.058 ,0.06 ,0.046 ,0.046 ,0.047 
A;FR;PC_GDP;OBJ40,0.098 ,0.092 ,0.093 ,0.087 ,0.082 ,0.022 ,1.178 ,0.039 ,0.145 ,0.144 ,0.137 ,0.027 ,0.137 ,0.094 ,0.084 ,0.089 ,0.069 ,0.103 
A;HR;PC_GDP;OBJ40,0 ,0 ,0 ,0 ,0 ,0 ,0 ,0 ,0 ,0 ,0 ,0 ,0 ,0.003 ,0.004 ,0 ,0.008 ,0.009 
A;HU;PC_GDP;OBJ40,0.766 ,0.539 ,0.468 ,0.845 ,0.397 ,0.652 ,0.572 ,0.546 ,0.525 ,0.252 ,0.915 ,0.272 ,0.03 ,0.037 ,0.043 ,0.055 ,0.056 ,0.037 
A;IE;PC_GDP;OBJ40,0.344 ,0.284 ,0.218 ,0.101 ,0.066 ,0.071 ,0.074 ,0.053 ,0.055 ,0.053 ,0.057 ,0.05 ,0.004 ,0.004 ,0.011 ,0.008 ,0 ,0 
A;IT;PC_GDP;OBJ40,0.041 ,0.037 ,0.491 ,0.05 ,0.043 ,0.086 ,0.118 ,0.067 ,0.07 ,0.053 ,0.012 ,0.011 ,0.02 ,0.017 ,0.008 ,0.011 ,0.014 ,0.009 
A;LT;PC_GDP;OBJ40,0.001 ,0 ,0 ,0 ,0 ,0 ,0 ,0.015 ,0.002 ,0.008 ,0.004 ,0.008 ,0.001 ,0.001 ,0.009 ,0.005 ,0 ,0.023 
A;LU;PC_GDP;OBJ40,0 ,0 ,0 ,0 ,0 ,0 ,0 ,0 ,0 ,0 ,0 ,0 ,0 ,0 ,0 ,0.001 ,0.001 ,0.001 
A;LV;PC_GDP;OBJ40,0.141 ,0.329 ,0.29 ,0.376 ,0.184 ,0.427 ,0.431 ,0.428 ,0.317 ,0.422 ,0.416 ,0.361 ,2.803 ,0.947 ,1.384 ,1.427 ,0.961 ,0.993 
A;MT;PC_GDP;OBJ40,1.385 ,2.126 ,2.044 ,1.718 ,2.407 ,2.454 ,1.8 ,1.607 ,1.482 ,1.184 ,0.799 ,0.742 ,0.654 ,0.568 ,0.397 ,0.225 ,0.293 ,0.392 
A;NL;PC_GDP;OBJ40,0.071 ,0.043 ,0.046 ,0.039 ,0.034 ,0.043 ,0.042 ,0.035 ,0.029 ,0.024 ,0.03 ,0.029 ,0.031 ,0.036 ,0.038 ,0.038 ,0.053 ,0.034 
A;PL;PC_GDP;OBJ40,0.229 ,0.344 ,0.224 ,2.385 ,0.192 ,0.105 ,0.076 ,0.055 ,0.237 ,0.254 ,0.188 ,0.171 ,0.138 ,0.126 ,0.163 ,0.146 ,0.155 ,0.087 
A;PT;PC_GDP;OBJ40,0.958 ,1.833 ,1.86 ,1.95 ,1.172 ,0.74 ,0.733 ,1.081 ,0.715 ,0.729 ,0.585 ,0.687 ,0.205 ,0 ,0 ,0 ,0 ,0 
A;RO;PC_GDP;OBJ40,0 ,0 ,0.638 ,0.844 ,0.664 ,0.103 ,0.27 ,0.098 ,0.073 ,0.062 ,0.047 ,0 ,0 ,0.023 ,0.006 ,0.009 ,0 ,0 
A;SE;PC_GDP;OBJ40,0.147 ,0.283 ,0.282 ,0.259 ,0.284 ,0.305 ,0.308 ,0.321 ,0.321 ,0.468 ,0.317 ,0.31 ,0.328 ,0.295 ,0.269 ,0.265 ,0.371 ,0.354 
A;SI;PC_GDP;OBJ40,0.006 ,0.021 ,0 ,0 ,0.014 ,0 ,0 ,0 ,0 ,0.029 ,0.033 ,0.003 ,0 ,0 ,0 ,0 ,0 ,0.001 
A;SK;PC_GDP;OBJ40,0.079 ,0.266 ,0.209 ,0.146 ,0.258 ,0.294 ,0.072 ,0.133 ,0.102 ,0.069 ,0.016 ,0.01 ,0.024 ,0.001 ,0 ,0.016 ,0.001 ,0 
A;UK;PC_GDP;OBJ40,0.014 ,0.016 ,0.017 ,0.009 ,0.011 ,0.012 ,0.011 ,0.011 ,0.019 ,0.011 ,0.011 ,0.012 ,0.01 ,0.007 ,0 ,0.001 ,0.001 ,0.001 
A;AT;PC_GDP;OBJ41,0.034 ,0.001 ,0 ,0.001 ,0.001 ,0 ,0.28 ,0 ,0.001 ,0.175 ,0.002 ,0.002 ,0.002 ,0.001 ,0 ,0 ,0 ,0 
A;BE;PC_GDP;OBJ41,0 ,0.047 ,0.009 ,0 ,0.008 ,0.073 ,0 ,0.004 ,0 ,0 ,0 ,0.029 ,0 ,0 ,0 ,0 ,0 ,0.038 
A;BG;PC_GDP;OBJ41,0 ,0 ,0.096 ,0.385 ,0.057 ,0.001 ,0 ,0.003 ,0.001 ,0.003 ,0.001 ,0 ,0 ,0 ,0 ,0 ,0 ,0 
A;CY;PC_GDP;OBJ41,0 ,0 ,0 ,0 ,0 ,0.069 ,0 ,0.089 ,0 ,0 ,0 ,0 ,0 ,0 ,0 ,0 ,0 ,0 
A;CZ;PC_GDP;OBJ41,1.89 ,1.427 ,3.206 ,2.313 ,0.035 ,0.002 ,0.001 ,0 ,0.001 ,0.008 ,0.049 ,0.003 ,0.01 ,0 ,0.003 ,0 ,0.011 ,0 
A;DE;PC_GDP;OBJ41,0 ,0 ,0 ,0 ,0 ,0 ,0 ,0 ,0 ,0 ,0 ,0 ,0 ,0 ,0 ,0 ,0 ,0 
A;DK;PC_GDP;OBJ41,0 ,0 ,0 ,0 ,0 ,0 ,0 ,0 ,0 ,0 ,0 ,0 ,0 ,0 ,0 ,0 ,0 ,0 
A;EE;PC_GDP;OBJ41,0 ,0 ,0 ,0 ,0 ,0 ,0 ,0 ,0 ,0 ,0 ,0 ,0 ,0 ,0 ,0 ,0 ,0 
A;EL;PC_GDP;OBJ41,0.014 ,0.071 ,0.023 ,0 ,0 ,0 ,0.012 ,0.008 ,0 ,0.039 ,0.013 ,0.025 ,0 ,0.012 ,0.001 ,0 ,0 ,0 
A;ES;PC_GDP;OBJ41,0.111 ,0.027 ,0.02 ,0.013 ,0.007 ,0.008 ,0.001 ,0.001 ,0.001 ,0.001 ,0.001 ,0.002 ,0.001 ,0 ,0 ,0 ,0.003 ,0 
A;EU28;PC_GDP;OBJ41,0.031 ,0.052 ,0.108 ,0.033 ,0.037 ,0.014 ,0.012 ,0.005 ,0.074 ,0.009 ,0.01 ,0.006 ,0.005 ,0.004 ,0.005 ,0.004 ,0.001 ,0.002 
A;FI;PC_GDP;OBJ41,0 ,0 ,0 ,0 ,0.001 ,0 ,0 ,0 ,0 ,0 ,0 ,0 ,0.001 ,0 ,0 ,0 ,0 ,0 
A;FR;PC_GDP;OBJ41,0.004 ,0.03 ,0.03 ,0.012 ,0.084 ,0.041 ,0.001 ,0.001 ,0 ,0.002 ,0 ,0 ,0 ,0 ,0 ,0 ,0 ,0 
A;HR;PC_GDP;OBJ41,0 ,0 ,0 ,0 ,0 ,0 ,0 ,0 ,0 ,0 ,0 ,0 ,0 ,0.188 ,0.111 ,0.108 ,0.089 ,0.066 
A;HU;PC_GDP;OBJ41,0 ,0 ,0 ,0 ,0 ,0 ,0 ,0.043 ,0 ,0.026 ,0.15 ,0 ,0 ,0 ,0 ,0 ,0 ,0 
A;IE;PC_GDP;OBJ41,0 ,0 ,0 ,0 ,0 ,0 ,0 ,0 ,0 ,0 ,0 ,0 ,0 ,0 ,0 ,0 ,0 ,0 
A;IT;PC_GDP;OBJ41,0.026 ,0.04 ,0.013 ,0.003 ,0.009 ,0.003 ,0.003 ,0.002 ,0.004 ,0.002 ,0.004 ,0.002 ,0.003 ,0.002 ,0.002 ,0.002 ,0.002 ,0.002 
A;LT;PC_GDP;OBJ41,0.319 ,0.145 ,0.383 ,0.219 ,0.063 ,0.023 ,0 ,0.007 ,0 ,0 ,0 ,0 ,0 ,0 ,0.001 ,0 ,0 ,0 
A;LU;PC_GDP;OBJ41,0 ,0 ,0 ,0 ,0 ,0 ,0 ,0 ,0 ,0 ,0 ,0 ,0 ,0 ,0 ,0 ,0 ,0 
A;LV;PC_GDP;OBJ41,0.397 ,0.128 ,0 ,0 ,0 ,0 ,0 ,0 ,0 ,0 ,0 ,0.428 ,0.165 ,0 ,0 ,0 ,0 ,0 
A;MT;PC_GDP;OBJ41,1.503 ,1.541 ,1.822 ,0.098 ,0.518 ,0.466 ,0.381 ,0.24 ,0.113 ,0 ,0.023 ,0.054 ,0.346 ,0.785 ,0.177 ,0.42 ,0 ,0 
A;NL;PC_GDP;OBJ41,0 ,0 ,0 ,0 ,0.01 ,0 ,0 ,0 ,0 ,0 ,0 ,0 ,0 ,0 ,0 ,0 ,0.001 ,0 
A;PL;PC_GDP;OBJ41,0.069 ,0.092 ,0.046 ,0.145 ,0.594 ,0.016 ,0.004 ,0.019 ,0.054 ,0.011 ,0.015 ,0.003 ,0.026 ,0.001 ,0.039 ,0 ,0 ,0 
A;PT;PC_GDP;OBJ41,0.026 ,0.005 ,0.003 ,0.003 ,0.001 ,0.001 ,0.001 ,0 ,0 ,0.017 ,0.006 ,0 ,0 ,0 ,0 ,0 ,0 ,0 
A;RO;PC_GDP;OBJ41,0 ,0 ,0.762 ,1.16 ,1.687 ,0.209 ,0.254 ,0.108 ,0.025 ,0.014 ,0.003 ,0.003 ,0.007 ,0.007 ,0.006 ,0.017 ,0 ,0 
A;SE;PC_GDP;OBJ41,0 ,0 ,0 ,0 ,0 ,0 ,0 ,0 ,0 ,0 ,0 ,0 ,0 ,0 ,0 ,0 ,0 ,0 
A;SI;PC_GDP;OBJ41,0.135 ,0.306 ,0.003 ,0.079 ,0.091 ,0.008 ,0.01 ,0.005 ,0.004 ,0.01 ,0.007 ,0.142 ,0.002 ,0.104 ,0.007 ,0.25 ,0 ,0 
A;SK;PC_GDP;OBJ41,0.04 ,0.018 ,0.003 ,0.051 ,0.03 ,0 ,0.001 ,0 ,0 ,0 ,0 ,0 ,0 ,0 ,0 ,0 ,0 ,0 
A;UK;PC_GDP;OBJ41,0.007 ,0.006 ,0.042 ,0 ,0 ,0.014 ,0.013 ,0.013 ,0.014 ,0.014 ,0.014 ,0.02 ,0.015 ,0.016 ,0.016 ,0.014 ,0 ,0 
A;AT;PC_GDP;OBJ42,0 ,0 ,0 ,0 ,0 ,0 ,0 ,0 ,0 ,0 ,0 ,0 ,0 ,0 ,0 ,0 ,0 ,0 
A;BE;PC_GDP;OBJ42,0 ,0 ,0 ,0 ,0 ,0 ,0 ,0 ,0 ,0 ,0 ,0 ,0 ,0 ,0 ,0 ,0 ,0 
A;BG;PC_GDP;OBJ42,0 ,0 ,0 ,0 ,0 ,0 ,0 ,0 ,0 ,0 ,0 ,0 ,0 ,0 ,0 ,0 ,0 ,0 
A;CY;PC_GDP;OBJ42,0 ,0 ,0 ,0 ,0 ,0 ,0 ,0 ,0 ,0 ,0 ,0 ,0 ,0 ,0 ,0 ,0 ,0 
A;CZ;PC_GDP;OBJ42,0 ,0 ,0 ,0 ,0 ,0 ,0 ,0 ,0 ,0 ,0 ,0 ,0 ,0 ,0 ,0 ,0 ,0 
A;DE;PC_GDP;OBJ42,0 ,0 ,0 ,0 ,0 ,0 ,0 ,0 ,0 ,0 ,0 ,0 ,0 ,0 ,0 ,0 ,0 ,0 
A;DK;PC_GDP;OBJ42,0 ,0 ,0 ,0 ,0 ,0 ,0 ,0 ,0 ,0 ,0 ,0 ,0 ,0 ,0 ,0 ,0 ,0 
A;EE;PC_GDP;OBJ42,0 ,0 ,0 ,0 ,0 ,0 ,0 ,0 ,0 ,0 ,0 ,0 ,0 ,0 ,0 ,0 ,0 ,0 
A;EL;PC_GDP;OBJ42,0 ,0 ,0 ,0 ,0 ,0 ,0 ,0 ,0 ,0 ,0 ,0 ,0 ,0 ,0 ,0 ,0 ,0 
A;ES;PC_GDP;OBJ42,0 ,0 ,0 ,0 ,0 ,0 ,0 ,0 ,0 ,0 ,0 ,0 ,0 ,0 ,0 ,0 ,0 ,0 
A;EU28;PC_GDP;OBJ42,0 ,0 ,0 ,0 ,0.001 ,0 ,0 ,0 ,0 ,0 ,0 ,0.011 ,0.011 ,0.011 ,0.011 ,0.011 ,0.01 ,0.01 
A;FI;PC_GDP;OBJ42,0 ,0 ,0 ,0 ,0 ,0 ,0 ,0 ,0 ,0 ,0 ,0 ,0 ,0 ,0 ,0 ,0 ,0 
A;FR;PC_GDP;OBJ42,0 ,0 ,0 ,0 ,0 ,0 ,0 ,0 ,0 ,0 ,0 ,0 ,0 ,0 ,0 ,0 ,0 ,0 
A;HR;PC_GDP;OBJ42,0 ,0 ,0 ,0 ,0 ,0 ,0 ,0 ,0 ,0 ,0 ,0 ,0 ,0 ,0 ,0 ,0 ,0 
A;HU;PC_GDP;OBJ42,0.025 ,0.027 ,0.015 ,0.013 ,0.057 ,0.006 ,0.004 ,0.004 ,0.004 ,0.003 ,0.004 ,0 ,0 ,0 ,0 ,0 ,0 ,0 
A;IE;PC_GDP;OBJ42,0 ,0 ,0 ,0 ,0 ,0 ,0 ,0 ,0 ,0 ,0 ,0 ,0 ,0 ,0 ,0 ,0 ,0 
A;IT;PC_GDP;OBJ42,0 ,0 ,0 ,0 ,0 ,0 ,0 ,0 ,0 ,0 ,0 ,0 ,0 ,0 ,0 ,0 ,0 ,0 
A;LT;PC_GDP;OBJ42,0 ,0.003 ,0 ,0.037 ,0 ,0 ,0 ,0 ,0 ,0 ,0 ,0 ,0 ,0 ,0 ,0 ,0 ,0 
A;LU;PC_GDP;OBJ42,0 ,0 ,0 ,0 ,0 ,0 ,0 ,0 ,0 ,0 ,0 ,0 ,0 ,0 ,0 ,0 ,0 ,0 
A;LV;PC_GDP;OBJ42,0 ,0 ,0 ,0 ,0 ,0 ,0 ,0 ,0 ,0 ,0 ,0 ,0 ,0 ,0 ,0 ,0 ,0 
A;MT;PC_GDP;OBJ42,0 ,0 ,0 ,0 ,0 ,0 ,0 ,0 ,0 ,0 ,0 ,0 ,0 ,0 ,0 ,0 ,0 ,0 
A;NL;PC_GDP;OBJ42,0 ,0 ,0 ,0 ,0 ,0 ,0 ,0 ,0 ,0 ,0 ,0 ,0 ,0 ,0 ,0 ,0 ,0 
A;PL;PC_GDP;OBJ42,0 ,0 ,0 ,0 ,0 ,0 ,0 ,0 ,0 ,0 ,0 ,0 ,0 ,0 ,0.007 ,0.029 ,0.062 ,0.084 
A;PT;PC_GDP;OBJ42,0 ,0 ,0 ,0 ,0 ,0 ,0 ,0 ,0 ,0 ,0 ,0 ,0 ,0 ,0 ,0 ,0 ,0 
A;RO;PC_GDP;OBJ42,0 ,0 ,0.023 ,0.002 ,0.008 ,0 ,0.005 ,0.004 ,0 ,0 ,0 ,0 ,0.029 ,0.023 ,0.022 ,0.013 ,0.007 ,0.017 
A;SE;PC_GDP;OBJ42,0 ,0 ,0 ,0 ,0 ,0 ,0 ,0 ,0 ,0 ,0 ,0 ,0 ,0 ,0 ,0 ,0 ,0 
A;SI;PC_GDP;OBJ42,0.052 ,0.001 ,0.068 ,0.061 ,0.051 ,0.048 ,0.047 ,0.048 ,0.046 ,0.045 ,0.032 ,0.03 ,0.018 ,0.013 ,0.023 ,0.012 ,0.031 ,0.036 
A;SK;PC_GDP;OBJ42,0 ,0 ,0 ,0.004 ,0.003 ,0.002 ,0.001 ,0 ,0 ,0 ,0 ,0 ,0 ,0 ,0 ,0 ,0 ,0 
A;UK;PC_GDP;OBJ42,0 ,0 ,0 ,0.001 ,0 ,0 ,0 ,0 ,0 ,0 ,0 ,0 ,0 ,0 ,0 ,0 ,0 ,0 
A;AT;PC_GDP;OTH,0 ,0 ,0 ,0 ,0 ,0 ,0 ,0 ,0 ,0 ,0 ,0 ,0 ,0 ,0 ,0 ,0.001 ,0.003 
A;BE;PC_GDP;OTH,0 ,0 ,0 ,0 ,0 ,0 ,0 ,0 ,0 ,0 ,0 ,0 ,0 ,0 ,0 ,0 ,0.093 ,0.003 
A;BG;PC_GDP;OTH,0 ,0 ,0 ,0.037 ,0.009 ,0 ,0 ,0 ,0 ,0 ,0 ,0 ,0 ,0 ,0 ,0.006 ,0.003 ,0 
A;CY;PC_GDP;OTH,0 ,0 ,0 ,0 ,0 ,0 ,0 ,0 ,0 ,0 ,0 ,0 ,0 ,0 ,0 ,0 ,0 ,0 
A;CZ;PC_GDP;OTH,0 ,0 ,0 ,0 ,0 ,0 ,0 ,0.045 ,0 ,0.048 ,0.048 ,0.047 ,0.073 ,0.073 ,0.071 ,0.071 ,0.08 ,0.086 
A;DE;PC_GDP;OTH,0 ,0 ,0 ,0 ,0 ,0 ,0 ,0 ,0 ,0 ,0 ,0 ,0 ,0 ,0 ,0 ,0 ,0 
A;DK;PC_GDP;OTH,0 ,0 ,0 ,0 ,0 ,0 ,0 ,0 ,0 ,0 ,0 ,0 ,0 ,0 ,0 ,0 ,0 ,0 
A;EE;PC_GDP;OTH,0 ,0 ,0 ,0 ,0 ,0 ,0 ,0 ,0 ,0 ,0 ,0 ,0 ,0 ,0 ,0.015 ,0.029 ,0.042 
A;EL;PC_GDP;OTH,0 ,0 ,0 ,0 ,0 ,0 ,0 ,0 ,0 ,0 ,0 ,0 ,0.058 ,0 ,0.007 ,0.006 ,0.069 ,0.093 
A;ES;PC_GDP;OTH,0 ,0 ,0 ,0 ,0 ,0 ,0 ,0 ,0.001 ,0 ,0 ,0 ,0.001 ,0.003 ,0.002 ,0.001 ,0.001 ,0.003 
A;EU28;PC_GDP;OTH,0 ,0 ,0 ,0 ,0 ,0.001 ,0 ,0.001 ,0.002 ,0.003 ,0.005 ,0.002 ,0.004 ,0.004 ,0.003 ,0.005 ,0.013 ,0.023 
A;FI;PC_GDP;OTH,0 ,0 ,0 ,0 ,0 ,0 ,0 ,0 ,0 ,0 ,0 ,0 ,0 ,0.004 ,0.003 ,0.015 ,0.004 ,0.019 
A;FR;PC_GDP;OTH,0 ,0 ,0 ,0 ,0 ,0 ,0 ,0 ,0 ,0 ,0 ,0 ,0 ,0.001 ,0 ,0.001 ,0.006 ,0.026 
A;HR;PC_GDP;OTH,0 ,0 ,0 ,0 ,0 ,0 ,0 ,0 ,0 ,0 ,0 ,0 ,0 ,0.017 ,0 ,0 ,0 ,0 
A;HU;PC_GDP;OTH,0 ,0 ,0 ,0 ,0 ,0 ,0 ,0 ,0.136 ,0.2 ,0.183 ,0 ,0 ,0 ,0 ,0.127 ,0.304 ,0.497 
A;IE;PC_GDP;OTH,0 ,0 ,0 ,0 ,0 ,0 ,0 ,0 ,0 ,0 ,0 ,0 ,0 ,0 ,0 ,0 ,0 ,0 
A;IT;PC_GDP;OTH,0 ,0 ,0 ,0 ,0 ,0 ,0 ,0 ,0 ,0 ,0.001 ,0.001 ,0.001 ,0.001 ,0.001 ,0.001 ,0.01 ,0.003 
A;LT;PC_GDP;OTH,0 ,0 ,0 ,0 ,0 ,0 ,0 ,0 ,0 ,0 ,0 ,0 ,0 ,0 ,0 ,0 ,0 ,0.02 
A;LU;PC_GDP;OTH,0 ,0 ,0 ,0 ,0 ,0 ,0 ,0 ,0 ,0 ,0 ,0 ,0 ,0 ,0 ,0 ,0 ,0 
A;LV;PC_GDP;OTH,0 ,0 ,0 ,0 ,0 ,0 ,0 ,0 ,0 ,0 ,0 ,0 ,0.002 ,0.001 ,0.001 ,0.008 ,0.003 ,0.027 
A;MT;PC_GDP;OTH,0 ,0 ,0 ,0 ,0 ,0 ,0 ,0 ,0 ,0 ,0 ,0 ,0 ,0 ,0 ,0 ,0 ,0 
A;NL;PC_GDP;OTH,0 ,0 ,0 ,0 ,0 ,0 ,0 ,0 ,0 ,0 ,0 ,0 ,0 ,0 ,0 ,0.002 ,0.002 ,0.006 
A;PL;PC_GDP;OTH,0 ,0 ,0 ,0 ,0 ,0 ,0 ,0.001 ,0.001 ,0.001 ,0.001 ,0.001 ,0 ,0 ,0 ,0 ,0.017 ,0.12 
A;PT;PC_GDP;OTH,0 ,0 ,0 ,0 ,0 ,0 ,0 ,0 ,0 ,0 ,0 ,0 ,0 ,0 ,0 ,0 ,0 ,0 
A;RO;PC_GDP;OTH,0 ,0 ,0 ,0 ,0.008 ,0.164 ,0.029 ,0.013 ,0.011 ,0.002 ,0 ,0 ,0 ,0 ,0 ,0.005 ,0 ,0 
A;SE;PC_GDP;OTH,0 ,0 ,0 ,0 ,0 ,0 ,0 ,0 ,0 ,0 ,0 ,0 ,0 ,0 ,0.006 ,0.011 ,0.032 ,0.926 
A;SI;PC_GDP;OTH,0 ,0 ,0 ,0 ,0 ,0 ,0 ,0 ,0 ,0 ,0 ,0 ,0 ,0 ,0 ,0 ,0 ,0 
A;SK;PC_GDP;OTH,0 ,0 ,0 ,0 ,0 ,0 ,0 ,0 ,0 ,0 ,0 ,0 ,0 ,0.079 ,0.092 ,0.085 ,0.08 ,0.079 
A;UK;PC_GDP;OTH,0 ,0 ,0 ,0 ,0 ,0 ,0 ,0.001 ,0.001 ,0 ,0.01 ,0.004 ,0.006 ,0.004 ,0.003 ,0.002 ,0.004 ,0.008 
A;AT;PC_GDP;TOTAL,0.252 ,0.297 ,0.275 ,0.423 ,0.401 ,0.389 ,0.687 ,0.358 ,0.46 ,0.73 ,0.595 ,0.484 ,0.525 ,0.507 ,0.386 ,0.516 ,0.516 ,0.47 
A;BE;PC_GDP;TOTAL,0.32 ,0.359 ,0.367 ,0.238 ,0.255 ,0.319 ,0.355 ,0.393 ,0.407 ,0.594 ,0.588 ,0.425 ,0.388 ,0.4 ,0.426 ,0.496 ,0.588 ,0.503 
A;BG;PC_GDP;TOTAL,0 ,0 ,0.447 ,0.725 ,0.24 ,0.109 ,0.115 ,0.086 ,0.042 ,0.078 ,0.049 ,0.056 ,0.811 ,0.845 ,1.094 ,1.211 ,1.014 ,1.314 
A;CY;PC_GDP;TOTAL,2.412 ,2.782 ,2.987 ,2.102 ,1.108 ,1.135 ,0.453 ,0.474 ,0.428 ,0.359 ,0.479 ,0.6 ,0.478 ,0.662 ,0.623 ,0.678 ,0.654 ,0.542 
A;CZ;PC_GDP;TOTAL,2.209 ,1.76 ,3.624 ,2.622 ,0.34 ,0.42 ,0.517 ,0.572 ,0.701 ,0.528 ,0.63 ,0.765 ,0.878 ,1.013 ,1.016 ,1.149 ,1.308 ,1.394 
A;DE;PC_GDP;TOTAL,0 ,0 ,0 ,0 ,0 ,0 ,0 ,0 ,0 ,0 ,0 ,0 ,0 ,0 ,0 ,0 ,0 ,0 
A;DK;PC_GDP;TOTAL,0 ,0 ,0 ,0 ,0 ,0 ,0 ,0 ,0 ,0 ,0 ,0 ,0 ,0 ,0 ,0 ,0 ,0 
A;EE;PC_GDP;TOTAL,0.097 ,0.115 ,0.128 ,0.084 ,0.09 ,0.126 ,0.079 ,0.065 ,0.089 ,0.08 ,0.1 ,0.113 ,0.174 ,0.447 ,0.786 ,0.953 ,0.818 ,1.025 
A;EL;PC_GDP;TOTAL,0.531 ,0.463 ,0.214 ,0.323 ,0.284 ,0.322 ,0.341 ,0.337 ,0.617 ,0.841 ,0.768 ,1.072 ,0.889 ,1.473 ,0.919 ,1.243 ,0.356 ,0.24 
A;ES;PC_GDP;TOTAL,0.934 ,1.078 ,0.679 ,0.607 ,0.519 ,0.519 ,0.385 ,0.37 ,0.425 ,0.458 ,0.401 ,0.356 ,0.308 ,0.248 ,0.269 ,0.209 ,0.203 ,0.26 
A;EU28;PC_GDP;TOTAL,0.481 ,0.53 ,0.658 ,0.563 ,0.473 ,0.451 ,0.623 ,0.407 ,0.536 ,0.534 ,0.498 ,0.439 ,0.449 ,0.445 ,0.65 ,0.639 ,0.679 ,0.722 
A;FI;PC_GDP;TOTAL,0.347 ,0.295 ,0.308 ,0.39 ,0.388 ,0.397 ,0.4 ,0.377 ,0.444 ,0.497 ,0.464 ,0.843 ,0.593 ,0.666 ,0.746 ,0.748 ,0.762 ,0.815 
A;FR;PC_GDP;TOTAL,0.36 ,0.343 ,0.394 ,0.353 ,0.422 ,0.432 ,1.561 ,0.42 ,0.562 ,0.675 ,0.683 ,0.592 ,0.659 ,0.585 ,0.659 ,0.713 ,0.67 ,0.735 
A;HR;PC_GDP;TOTAL,0 ,0 ,0 ,0 ,0 ,0 ,0 ,0 ,0 ,0 ,0 ,0 ,0 ,0.345 ,0.444 ,0.589 ,0.948 ,0.979 
A;HU;PC_GDP;TOTAL,1.101 ,0.994 ,1.032 ,1.328 ,0.887 ,1.187 ,1.128 ,1.024 ,1.839 ,1.33 ,1.869 ,0.924 ,0.906 ,1.173 ,1.369 ,1.166 ,2.007 ,2.533 
A;IE;PC_GDP;TOTAL,0.534 ,0.497 ,0.419 ,0.28 ,0.278 ,0.378 ,0.424 ,0.404 ,0.475 ,0.458 ,0.567 ,0.389 ,0.312 ,0.498 ,0.338 ,0.163 ,0.148 ,0.178 
A;IT;PC_GDP;TOTAL,0.411 ,0.455 ,0.889 ,0.419 ,0.359 ,0.372 ,0.386 ,0.287 ,0.309 ,0.293 ,0.195 ,0.175 ,0.219 ,0.169 ,0.178 ,0.186 ,0.197 ,0.276 
A;LT;PC_GDP;TOTAL,0.33 ,0.159 ,0.405 ,0.314 ,0.148 ,0.142 ,0.213 ,0.177 ,0.155 ,0.308 ,0.309 ,0.401 ,0.398 ,0.322 ,0.214 ,0.798 ,0.836 ,1.054 
A;LU;PC_GDP;TOTAL,0.178 ,0.152 ,0.229 ,0.226 ,0.152 ,0.145 ,0.136 ,0.128 ,0.144 ,0.259 ,0.192 ,0.195 ,0.167 ,0.279 ,0.307 ,0.337 ,0.343 ,0.27 
A;LV;PC_GDP;TOTAL,0.686 ,0.705 ,0.475 ,0.586 ,0.332 ,0.597 ,0.577 ,1.727 ,0.503 ,0.543 ,0.833 ,1.084 ,4.379 ,2.384 ,3.809 ,3.212 ,2.377 ,1.625 
A;MT;PC_GDP;TOTAL,3.103 ,3.841 ,4.037 ,1.977 ,3.117 ,2.963 ,2.26 ,1.935 ,1.647 ,1.595 ,1.126 ,1.341 ,1.424 ,1.664 ,0.965 ,0.963 ,0.537 ,0.797 
A;NL;PC_GDP;TOTAL,0.218 ,0.184 ,0.249 ,0.236 ,0.234 ,0.255 ,0.284 ,0.247 ,0.26 ,0.299 ,0.322 ,0.332 ,0.297 ,0.271 ,0.275 ,0.259 ,0.275 ,0.268 
A;PL;PC_GDP;TOTAL,0.947 ,0.628 ,0.444 ,2.978 ,1.039 ,0.393 ,0.455 ,0.424 ,0.736 ,0.775 ,0.798 ,0.578 ,0.576 ,0.573 ,1.149 ,0.785 ,1.06 ,1.519 
A;PT;PC_GDP;TOTAL,1.329 ,2.159 ,2.003 ,2.126 ,1.365 ,0.855 ,0.843 ,1.218 ,0.876 ,0.925 ,0.844 ,0.869 ,0.517 ,0.268 ,0.43 ,0.485 ,0.394 ,0.433 
A;RO;PC_GDP;TOTAL,0 ,0 ,1.916 ,2.286 ,2.602 ,0.563 ,0.665 ,0.297 ,0.207 ,0.146 ,0.156 ,0.29 ,0.457 ,0.607 ,0.7 ,0.763 ,0.616 ,0.491 
A;SE;PC_GDP;TOTAL,1.142 ,1.101 ,1.096 ,1.916 ,3.789 ,4.303 ,4.53 ,4.62 ,4.45 ,3.885 ,4.397 ,4.639 ,4.905 ,5.121 ,5.002 ,4.857 ,5.617 ,6.655 
A;SI;PC_GDP;TOTAL,0.849 ,0.923 ,0.528 ,0.678 ,0.513 ,0.442 ,0.465 ,0.342 ,0.453 ,0.808 ,0.799 ,1.025 ,1.087 ,1.157 ,1.082 ,1.101 ,0.803 ,0.849 
A;SK;PC_GDP;TOTAL,0.553 ,0.502 ,0.424 ,0.578 ,0.673 ,0.671 ,0.5 ,0.436 ,0.473 ,0.39 ,0.366 ,0.227 ,0.164 ,0.244 ,0.394 ,0.519 ,0.445 ,0.261 
A;UK;PC_GDP;TOTAL,0.131 ,0.16 ,0.2 ,0.172 ,0.197 ,0.18 ,0.177 ,0.207 ,0.207 ,0.232 ,0.256 ,0.227 ,0.261 ,0.285 ,0.357 ,0.359 ,0.395 ,0.368 
